ref_id,first_author,year,journal,pmid,doi,design,setting,n,ga_stratum,agent,regimen,comparator,interval_to_delivery,chorioamnionitis,primary_outcome,key_results,followup_age,followup_outcome,risk_of_bias,certainty,relevance,notes
1,Stock,2022,BJOG,35172391,10.1111/1471-0528.17027,guideline,UK (RCOG Green-top 74),not applicable,mixed,dexamethasone and betamethasone,"Dexamethasone 24mg IM total as 2x12mg 24h apart OR 4x6mg 12h apart; betamethasone 24mg IM as 2x12mg 24h apart (Na phosphate/acetate mix)",not applicable,not stated,guideline recommendation,"Similar efficacy shown between dexamethasone and betamethasone phosphate/acetate mix when both given in 2 divided doses 24h apart; betamethasone phosphate alone (widely available in UK) has different PK from Na phosphate/acetate mix with little evidence for its dosing; ACS reduces neonatal death when first dose given within 48h before preterm birth",not applicable,not applicable,guideline - not RoB assessed,not applicable (guideline),Q0/Q1,"Full PDF blocked by egress proxy in this session; text reconstructed from WebSearch snippets of the guideline; recommend independent verification against RCOG website by end user"
2,McGoldrick,2020,Cochrane Database Syst Rev,33368142,10.1002/14651858.CD004454.pub4,SR-MA,"20 countries; 10/27 trials in lower/middle-resource settings; mostly high-income",11272 women / 11925 neonates (27 trials),mixed (pooled),dexamethasone or betamethasone (pooled vs placebo/no treatment),various single-course regimens per included trials,placebo or no treatment,mixed across included trials,not a primary stratifier in this review,perinatal death; neonatal death; RDS; IVH; birthweight; developmental delay,"Perinatal death RR 0.85 (95% CI 0.77-0.93), 9833 infants, 14 studies, 2.3% fewer (95% CI 1.1-3.6% fewer); neonatal death RR 0.78 (0.70-0.87), 10609 infants, 22 studies, 2.6% fewer (1.5-3.6% fewer); RDS RR 0.71 (0.65-0.78), 11183 infants, 26 studies, 4.3% fewer (3.2-5.2% fewer); IVH RR 0.58 (0.45-0.75), 8475 infants, 12 studies, 1.4% fewer (0.8-1.8% fewer); birthweight MD -14.02g (-33.79 to 5.76), 9551 infants, 19 studies; developmental delay in childhood RR 0.51 (0.27-0.97), 600 children, 3 studies, 3.8% fewer (0.2-5.7% fewer); maternal death RR 1.19 (0.36-3.89); chorioamnionitis RR 0.86 (0.69-1.08); endometritis RR 1.14 (0.82-1.58)",varies (childhood in a minority of trials),developmental delay reduced RR 0.51,"15/27 low RoB, 2 high RoB in >=2 domains, 10 high RoB for lack of blinding",High for perinatal/neonatal death and RDS; Moderate for IVH/maternal outcomes (downgraded for imprecision); Moderate for developmental delay (downgraded for risk of bias),Q0/Q2/Q7,"Primary Cochrane review underpinning single-course ACS benefit; this is the review to cite for absolute numbers in guideline/counselling documents"
3,Williams,2022,Cochrane Database Syst Rev,35943347,10.1002/14651858.CD006764.pub4,SR-MA,High-income countries only (all 11 trials),2494 women / 2762 infants (11 trials; 9 trials/2096 women/2319 infants for dex vs beta comparison specifically),mixed (pooled),dexamethasone vs betamethasone; also different regimens/preparations,"All trials IM; total course dose consistent at 22.8mg or 24mg but regimen (interval/number of doses) varied across trials",dexamethasone vs betamethasone head-to-head; also within-drug regimen comparisons,not a primary stratifier,death after randomisation; RDS; IVH; CLD; NEC; 2-year neurodevelopmental disability; cerebral palsy; chorioamnionitis; maternal adverse effects,"Chorioamnionitis RR 0.71 (95% CI 0.48-1.06), 1 trial, 1346 women; maternal adverse effects RR 0.63 (0.35-1.13), 2 trials, 1705 women; any death RR 1.03 (0.66-1.63), 5 trials, 2105 infants; RDS RR 1.06 (0.91-1.22), 5 trials, 2105 infants; IVH aRR 0.71 (0.28-1.81), 4 trials, 1902 infants, I2=62%; CLD RR 0.92 (0.64-1.34), 1 trial, 1509 infants; NEC RR 5.08 (0.25-105.15), 2 studies, 441 infants; neurodevelopmental disability at 2y RR 1.02 (0.85-1.22), 2 trials, 1151 infants; visual impairment RR 0.33 (0.01-8.15), 1 trial, 1227 children; hearing impairment RR 1.16 (0.63-2.16), 1 trial, 1227 children; motor delay RR 0.89 (0.66-1.20), 1 trial, 1166 children; intellectual impairment RR 0.97 (0.79-1.20), 1 trial, 1161 children; cerebral palsy RR 2.50 (0.97-6.39), 1 trial, 1223 children; regimen-comparison sub-studies (oral dex 32mg vs IM dex 24mg; beta acetate+phosphate vs phosphate alone; 12-hourly vs 24-hourly betamethasone) all very-low-certainty due to small size/risk of bias",2 years (1 trial consistently followed longer-term; no trial followed beyond early childhood),"cerebral palsy RR 2.50, 95% CI 0.97-6.39 (does not exclude an important increase with dexamethasone, does not confirm one either)","1 new study no serious RoB concerns; 6 trials moderate RoB; 2 trials high RoB (selection/detection/attrition bias)",High-Moderate for RDS/most infant outcomes; Low for IVH (heterogeneity), NEC, cerebral palsy, visual impairment (all downgraded for imprecision/risk of bias),Q0/Q1/Q4,"THE key source for Q0/Q4/Q1: explicitly states no trial directly compares dexamethasone at 12h vs 24h interval with matched dose - only betamethasone 12h-vs-24h was found, and that at very-low certainty; cerebral palsy signal wide CI compatible with both important harm and no difference, single trial (ASTEROID), low certainty"
4,Khandelwal,2012,Am J Obstet Gynecol,22381601,10.1016/j.ajog.2012.01.025,RCT (open-label noninferiority),USA (single centre, Cooper University Hospital NJ),228 mothers / 260 fetuses,23-34 weeks,betamethasone,"2 standard doses of betamethasone given either 12h or 24h apart (2:1 randomisation ratio)",betamethasone 12h interval vs betamethasone 24h interval (matched total dose),not the focus of this trial,not reported as inclusion/exclusion detail retrieved,RDS incidence,"RDS 36.5% (12h) vs 37.3% (24h), not significant; NEC 6.2% (12h) vs 0% (24h), P=.03; women unable to complete course reduced by half with 12h interval",not reported (no neurodevelopmental follow-up),none reported,"Single centre, open-label (not blinded), small sample; authors themselves call for larger multicentre confirmation",Very low (small single trial, wide CI implied by P=.03 on few events, no long-term follow-up, not replicated),Q0/Q1,"ONLY interval RCT identified for either agent; concerns a BETAMETHASONE interval comparison, not dexamethasone; NEC signal from very small numbers in a single unreplicated trial - flag prominently but do not over-interpret; no neurodevelopmental data at all"
5,Jobe et al,2020,Pediatr Res,33177675,10.1038/s41390-020-01249-w,narrative review with animal experimental data,not applicable (review),not applicable,not applicable,dexamethasone and betamethasone,"US standard: 2 IM doses of 6mg betamethasone phosphate + 6mg betamethasone acetate mixture, 24h apart",review of dose/formulation rationale,not applicable,not discussed,minimum fetal glucocorticoid exposure for lung maturation,"Minimum exposure for fetal lung maturation in sheep/monkeys/humans (via cord blood concentration) approx 1 ng/mL sustained for 48h, far lower than achieved by current dosing; slow-released betamethasone acetate produces prolonged fetal exposure",not applicable,not applicable,narrative review - not a graded body of evidence,not applicable (mechanistic/animal-based inference),Q0/Q5,"Key pharmacological source establishing that current ACS dosing likely substantially exceeds the minimum exposure needed - relevant context for interval/dose discussions but NOT clinical trial evidence"
6,Jobe et al,2019,Clin Transl Sci,31808984,10.1111/cts.12724,PK/PD study,India (reproductive-age women),not applicable (PK study - see original for n),not applicable,dexamethasone and betamethasone,IM and oral dosing compared,PK comparison of agents/routes,not applicable,not applicable,plasma pharmacokinetics,"Betamethasone terminal half-life approx 11h vs dexamethasone approx 5.5h; betamethasone phosphate/acetate mixture measurable in plasma up to 14 days post-dose",not applicable,not applicable,PK study - not RoB assessed,not applicable (PK evidence),Q0/Q5,"Basis for depot vs non-depot distinction between agents relevant to Q0 interval rationale and Q5 mixed-course reasoning"
7,van der Heijden et al,2024,Am J Obstet Gynecol,38763343,10.1016/j.ajog.2024.05.012,ex vivo placental perfusion + PBPK modelling,not applicable (laboratory/modelling study),not applicable,not applicable,dexamethasone and betamethasone,modelled current and alternative regimens,agent-to-agent placental transfer comparison,not applicable,not applicable,placental transfer fraction,"Betamethasone 15.7 (SD 1.7)% vs dexamethasone 14.4 (SD 1.5)% of maternal concentration reaching fetal side within 3h ex vivo",not applicable,not applicable,laboratory study - not RoB assessed,not applicable (mechanistic evidence),Q0/Q5,"Confirms near-identical placental transfer between agents - not a clinically meaningful difference"
8,Schmidt et al,2017,Pediatr Res,27861467,10.1038/pr.2016.249,animal experimental (fetal sheep),not applicable,not applicable,not applicable,dexamethasone vs betamethasone,betamethasone acetate+phosphate mixture vs dexamethasone phosphate vs betamethasone phosphate alone,agent/formulation comparison,not applicable,not applicable,fetal lung maturation markers,"Depot betamethasone mixture more effective than dexamethasone phosphate or betamethasone phosphate alone at sustaining lung maturation signal, attributed to prolonged exposure from depot fraction",not applicable,not applicable,animal study - not RoB assessed,not applicable (animal/mechanistic evidence),Q0/Q5,"Animal data only - explicitly labelled as indirect evidence, not extrapolated directly to human neurodevelopmental claims"
9,Roberts D et al,2017,Cochrane Database Syst Rev,28321847,10.1002/14651858.CD004454.pub3,SR-MA (superseded by McGoldrick 2020),20 countries,7774 women / 8158 neonates (30 studies),mixed (pooled),dexamethasone, betamethasone or hydrocortisone (pooled vs placebo/no treatment),various,placebo or no treatment,not a primary stratifier,not a primary stratifier,perinatal/neonatal death; RDS; IVH; NEC; chorioamnionitis; endometritis,"Perinatal death aRR 0.72 (0.58-0.89); neonatal death RR 0.69 (0.59-0.81); RDS aRR 0.66 (0.56-0.77); moderate/severe RDS aRR 0.59 (0.38-0.91); IVH aRR 0.55 (0.40-0.76); NEC RR 0.50 (0.32-0.78); systemic infection first 48h RR 0.60 (0.41-0.88); chorioamnionitis RR 0.83 (0.66-1.06); endometritis RR 1.20 (0.87-1.63)",varies,"neurodevelopmental delay RR 0.64 (0.14-2.98), 1 study, 82 participants - too imprecise to interpret","15/30 low RoB, 2 high RoB in >=2 domains, 10 high RoB for lack of blinding",Moderate (downgraded for design limitations and imprecision for several outcomes),Q0/Q2/Q3/Q7,"SUPERSEDED by McGoldrick 2020 (ref_id 2) - retained here only as historical comparator; use ref 2 for current guideline numbers"
10,Crowther (ASTEROID),2019,Lancet Child Adolesc Health,31523039,10.1016/S2352-4642(19)30292-5,RCT double-blind multicentre,Australia/New Zealand (14 hospitals; high-income),1346 women / 1509 fetuses,<34 weeks singleton or twin,dexamethasone vs betamethasone,"Dexamethasone Na phosphate 12mg IM x2 24h apart vs betamethasone (Celestone Chronodose) 11.4mg IM x2 24h apart",head-to-head matched-schedule comparison,not primary stratifier,not primary stratifier,death or neurosensory disability at 2 years (composite),"Primary outcome: dex 198/603 (33%) vs beta 192/591 (32%), adjRR 0.97 (95% CI 0.83-1.13), p=0.66; maternal side-effects 18/679 (3%) dex vs 28/667 (4%) beta; injection-site discomfort 1% dex vs 3% beta, p=0.02",2 years corrected age,"primary composite adjRR 0.97 (0.83-1.13) - equivalence within a moderately tight margin",Primary outcome ascertained in 79% of survivors; otherwise low RoB (blinded RCT),Moderate (single large RCT; imprecision at outer CI bound; no independent RCT replication),Q4,"THE definitive head-to-head dex vs beta RCT; matched 24-hourly 2-dose schedule for both drugs (not the 12-hourly dexamethasone regimen); largest and only adequately powered agent-comparison trial with long-term follow-up"
11,Hofer,2022,PLoS One,35192656,10.1371/journal.pone.0263927,Secondary analysis of ASTEROID RCT (repeat-dose subgroup),Australia/New Zealand,168 women (86 dex/82 beta),<35 weeks >=7 days after initial course,repeat dexamethasone vs repeat betamethasone,as ASTEROID main regimen,repeat-dose subgroup comparison,not primary stratifier,not primary stratifier,death or neurosensory disability at 2 years,"OR 0.89 (95% CI 0.39-2.06), p=0.79; no differences in other infant/childhood/maternal outcomes",2 years,"OR 0.89 (0.39-2.06) - imprecise, small subgroup",Small subgroup of blinded RCT,Low (small subgroup, wide CI),Q4/Q7,"Only RCT-derived repeat-dose dex-vs-beta comparison identified"
12,Williams (Cochrane CD006764.pub4),2022,Cochrane Database Syst Rev,35943347,10.1002/14651858.CD006764.pub4,SR-MA,High-income countries (11 trials),2494 women/2762 infants overall; dex-vs-beta subset 2096 women/2319 infants (9 trials),mixed (pooled),dexamethasone vs betamethasone; also regimen/preparation comparisons,total course dose 22.8-24mg but regimen varies by trial,head-to-head and within-drug regimen comparisons,not primary stratifier,chorioamnionitis reported as maternal primary outcome,"chorioamnionitis; maternal adverse effects; death; RDS; IVH; CLD; NEC; 2y neurodevelopmental disability; visual/hearing/motor/intellectual impairment; cerebral palsy","See ref_id 3 for full figures (same review) - reproduced/expanded here with GRADE per outcome: RDS RR 1.06 (0.91-1.22) High; any death RR 1.03 (0.66-1.63) Moderate; IVH aRR 0.71 (0.28-1.81) I2=62% Low; CLD RR 0.92 (0.64-1.34) Moderate; NEC RR 5.08 (0.25-105.15) Low; neurodevelopmental disability 2y RR 1.02 (0.85-1.22) Moderate; cerebral palsy RR 2.50 (0.97-6.39) Low, 1 trial 1223 children; chorioamnionitis RR 0.71 (0.48-1.06) Moderate; maternal adverse effects RR 0.63 (0.35-1.13) Moderate",2 years (longest; no trial followed beyond early childhood),cerebral palsy RR 2.50 (0.97-6.39) - cannot exclude important harm with dexamethasone,"1 new study no serious RoB; 6 moderate RoB; 2 high RoB",Outcome-dependent High to Low (see key_results),Q0/Q1/Q4,"Duplicate entry cross-referencing ref_id 3 for the Q4 (agent comparison) framing specifically - same source, same review"
13,Ciapponi,2021,Am J Obstet Gynecol MFM,33482400,10.1016/j.ajogmf.2021.100312,Systematic review + Bayesian network meta-analysis,45 trials mixed-resource settings,11227 women/11878 infants (all corticosteroid comparisons; dex-vs-beta a subset),varied GA at risk of preterm birth,dexamethasone (all regimens pooled) vs betamethasone (all regimens pooled),pooled across regimens,network meta-analysis indirect + direct comparison,not primary stratifier,not primary stratifier,neonatal death; neurodevelopmental disability; IVH; birthweight; chorioamnionitis; fetal death; puerperal sepsis; RDS,"Neonatal death OR 1.05 (0.62-1.84) Moderate; neurodevelopmental disability OR 1.03 (0.80-1.33) Moderate; IVH OR 1.04 (0.56-1.78) Low; birthweight +5.29g (-49.79 to 58.97) High; chorioamnionitis OR 0.70 (0.45-1.06) Moderate; fetal death OR 0.81 (0.24-2.41) Low; puerperal sepsis OR 2.04 (0.72-6.06) Low; RDS OR 1.34 (0.96-2.11) Moderate",variable up to 2y via ASTEROID data,neurodevelopmental disability OR 1.03 (0.80-1.33),NMA - indirectness across pooled regimens,Moderate (indirectness),Q4,"Corroborates ASTEROID/Cochrane findings of no meaningful dex-vs-beta difference for major outcomes via independent NMA methodology"
14,WHO ACTION-I (Oladapo),2020,N Engl J Med,33095526,10.1056/NEJMoa2022398,RCT multicountry individually-randomised double-blind placebo-controlled,"Low-resource: Bangladesh India Kenya Nigeria Pakistan (29 hospitals)",2852 women/3070 fetuses,26+0-33+6 weeks,dexamethasone vs PLACEBO (not betamethasone),WHO standard 6mg IM x4 12h apart = 24mg total,placebo,not primary stratifier,possible maternal bacterial infection reported as safety outcome,neonatal death; stillbirth or neonatal death; possible maternal infection,"Neonatal death 278/1417 (19.6%) dex vs 331/1406 (23.5%) placebo, RR 0.84 (0.72-0.97), p=0.03; stillbirth or neonatal death 393/1532 (25.7%) vs 444/1519 (29.2%), RR 0.88 (0.78-0.99), p=0.04; possible maternal bacterial infection 4.8% vs 6.3%, RR 0.76 (0.56-1.03)",to 28 days neonatal only,not reported in this paper,"Large multicentre RCT; stopped early for benefit at interim analysis (caution on effect-size precision)",High for neonatal death (large RCT; early stopping caveat),Q0/Q1/Q4,"LOW-RESOURCE SETTING trial - dexamethasone vs PLACEBO, not vs betamethasone; uses the 12-hourly 4-dose WHO dexamethasone regimen at scale (>1400 women) without a reported neurodevelopmental safety signal in this paper; NOT generalisable to a UK Level 3 unit as head-to-head agent evidence"
15,WHO ACTION late preterm (India),2022,EClinicalMedicine,35198915,10.1016/j.eclinm.2022.101285,RCT double-blind placebo-controlled,"Low-resource: India (4 hospitals)",782 women,34+0-36+0 weeks late preterm,dexamethasone vs placebo,6mg IM course (single dose used per description),placebo,not primary stratifier,not primary stratifier,neonatal death; any baby death; severe RDS; possible maternal infection,"Neonatal death 11/412 (2.7%) vs 12/425 (2.8%), RR 0.95 (0.42-2.12); any baby death 16/417 (3.8%) vs 19/432 (4.4%), RR 0.87 (0.45-1.67); severe RDS 0.8% vs 0.5%, RR 1.56 (0.26-9.29); possible maternal infection 2.3% vs 3.8%, RR 0.60 (0.27-1.35)",neonatal only,not reported,"Trial stopped early for low event rate/slow recruitment; wide CIs",Low (underpowered, stopped early),Q7,"LOW-RESOURCE SETTING late-preterm trial - no significant benefit shown, contrasts with ALPS (high-income); underscores resource-setting-dependent applicability"
16,Lee BH,2006,Pediatrics,16651303,10.1542/peds.2005-1749,Retrospective cohort (NICHD Neonatal Research Network),USA (high-income),3600 VLBW infants (401-1500g),VLBW various GA,dexamethasone vs betamethasone/no steroid,historic US regimen (exact dosing not stated in abstract),betamethasone or no steroid,not primary stratifier,not primary stratifier,neonatal death; IVH; ROP,"Statistically significant increased risk of neonatal death with dexamethasone vs betamethasone (exact RR not given in retrieved abstract); trend to greater IVH and severe ROP with dexamethasone",neonatal,not applicable,"Retrospective, non-randomised, confounding by indication and by era-specific regimen",Low,Q4,"Observational, historic (largely 12-hourly 4-dose US dexamethasone regimen vs 2-dose betamethasone) - may reflect regimen fractionation as much as drug choice; discordant with ASTEROID RCT"
17,Lee BH,2008,Pediatrics,18245420,10.1542/peds.2007-1103,Retrospective cohort (NICHD Neonatal Research Network),USA,1124 ELBW infants (401-1000g),ELBW,dexamethasone vs betamethasone/no steroid,as above,betamethasone or no steroid,not primary stratifier,not primary stratifier,neurodevelopmental impairment at 18-22 months (BSID-II),"No significant dex-vs-none associations; betamethasone (vs none) reduced hearing impairment and neurodevelopmental impairment; dex vs beta: trend for increased PDI<70, increased hearing impairment, decreased likelihood of unimpaired status with dexamethasone",18-22 months corrected age,"trend increased PDI<70 and hearing impairment with dexamethasone (exact RR not given in retrieved abstract)","Retrospective, confounded",Low,Q4/Q7,"Same NICHD cohort tradition as ref 16; observational; concludes it 'may be in the best interests of infants to receive betamethasone rather than dexamethasone when possible' but is not RCT evidence and conflicts with ASTEROID"
18,Baud,1999,N Engl J Med,10519896,10.1056/NEJM199910143411604,Retrospective cohort,France (3 Paris centres),883 infants (361 beta/165 dex/357 none),24-31 weeks,dexamethasone vs betamethasone vs none,historic regimens (era 1993-96),betamethasone or no steroid,not primary stratifier,not primary stratifier,cystic periventricular leukomalacia (cranial USS),"Cystic PVL 4.4% (beta) vs 11.0% (dex) vs 8.4% (none); adjusted OR beta-vs-none 0.5 (95% CI 0.2-0.9); adjusted OR beta-vs-dex 0.3 (0.1-0.7); adjusted OR dex-vs-none 1.5 (0.8-2.9, NS)",neonatal (cranial ultrasound),not applicable,"Retrospective, historic regimens, confounding by indication and era",Low,Q1/Q4,"PRIMARY SOURCE of the dexamethasone-PVL concern; single retrospective cohort from the late 1990s; NOT replicated by later RCT evidence (Cochrane 2022 IVH aRR 0.71 [0.28-1.81] and cerebral palsy RR 2.50 [0.97-6.39] are both low-certainty and CI-crossing-1, i.e. compatible with no difference, though also compatible with harm) - directionally consistent but statistically inconclusive at larger scale"
19,Khandelwal,2012,Am J Obstet Gynecol,22381601,10.1016/j.ajog.2012.01.025,RCT open-label noninferiority,USA single centre,228 mothers/260 fetuses,23-34 weeks,betamethasone 12h vs 24h interval (matched dose),2 standard betamethasone doses 12h or 24h apart (2:1 randomisation),betamethasone 24h interval,not focus of trial,not reported,RDS incidence,"RDS 36.5% (12h) vs 37.3% (24h) NS; NEC 6.2% (12h) vs 0% (24h) p=.03; course completion improved 2-fold with 12h interval",not reported (no neurodevelopmental follow-up),none reported,"Single centre open-label small sample",Very low,Q0/Q1,"DUPLICATE of ref_id 4 - only RCT interval comparison for either agent; concerns BETAMETHASONE not dexamethasone; NEC signal unreplicated"
20,Bulut,2021,Am J Perinatol,34544193,10.1055/s-0041-1735962,Retrospective cohort,Turkey,423,26-34 weeks,betamethasone 12h vs 24h interval,betamethasone standard doses at 12h or 24h interval,betamethasone 24h interval,not primary stratifier,not stated,perinatal outcomes,"No significant difference overall; subgroup 32-34 weeks: 24h group had lower Apgar scores and more surfactant use (mostly NS on multiple comparisons)",neonatal,not applicable,"Retrospective, subgroup analyses, mostly non-significant",Very low,Q1,"Corroborates Khandelwal - no clear signal either direction for betamethasone interval"
21,Saldana-Garcia,2022,J Clin Med,35268318,10.3390/jcm11051227,Retrospective cohort with neurodevelopmental follow-up,Spain,275,<=34 weeks and <=1500g,betamethasone 12h vs 24h interval,betamethasone standard doses at 12h or 24h interval,betamethasone 24h interval,not primary stratifier,not stated,mortality; severe morbidity; neurodevelopment (ASQ-3) at 24 months,"No difference in mortality/severe morbidity, cerebral palsy, or sensory deficits at 24 months; non-significant trend toward BETTER ASQ-3 scores in the 12h group",24 months,"no significant difference; trend favours 12h interval (NS)","Retrospective, single centre",Very low,Q1,"Only identified study with NEURODEVELOPMENTAL follow-up for a 12h-vs-24h interval comparison (betamethasone only) - reassuring direction, but very low certainty; no equivalent dexamethasone-interval study with neurodevelopmental follow-up exists"
22,Baud,2001,Pediatr Res,11726728,10.1203/00006450-200112000-00013,Animal/in vitro (mouse),laboratory,not applicable,not applicable,dexamethasone (sulfite-containing preparation) vs pure drug,not applicable,pure dexamethasone/betamethasone vs sulfite-containing commercial preparation,not applicable,not applicable,neuronal death markers (TUNEL),"Pure dexamethasone/betamethasone not neurotoxic; sulfite-containing commercial dexamethasone (Soludecadron) and sulfites alone increased neuronal death and TUNEL-positive cells; pure drugs reduced excitotoxic/hypoxic neuronal death",not applicable,not applicable,animal/mechanistic - not RoB assessed,not applicable (mechanistic/animal evidence),Q1,"Origin (with Dani 2007) of the sulfite-preservative hypothesis - mechanistic/animal only, not clinical antenatal evidence"
23,Dani,2007,J Matern Fetal Neonatal Med,17437241,10.1080/14767050701227992,Animal/in vitro (mouse neuronal-glial culture),laboratory,not applicable,not applicable,dexamethasone+sulfite vs pure dexamethasone/methylprednisolone,not applicable,pure drug vs sulfite-containing preparation,not applicable,not applicable,neuronal death (culture),"Neuronal death increased by dexamethasone+sulfite (Soludecadron) and sodium metabisulfite at 10-100 microM; pure dexamethasone/methylprednisolone not toxic at these concentrations",not applicable,not applicable,animal/mechanistic,not applicable (mechanistic/animal evidence),Q1,"Corroborates Baud 2001 sulfite hypothesis at cell-culture level only"
24,WHO ACTION-I secondary analysis (Oladapo),2022,EClinicalMedicine,36467459,10.1016/j.eclinm.2022.101744,Secondary analysis of RCT,"Low-resource: Bangladesh India Kenya Nigeria Pakistan",2638 women/2904 babies (1332 dex/1306 placebo),26+0-33+6 weeks,dexamethasone vs placebo by administration-to-birth interval,WHO standard 6mg IM x4 12h apart,placebo,"Dex arm strata: <=6h 20.1% (294/1464); 24-168h 36.1% (529/1464); >1wk 27.0% (395/1464)",not primary stratifier,neonatal survival by dose-to-birth interval,"Neonatal death 20.4% (275/1351) dex vs 23.8% (317/1331) placebo; severe resp distress @168h 9.7% vs 11.6%; peak mortality benefit days 13-14; first-24h relative risks 'not indicative of any clinical benefit or suggestive of harm' (wide CIs, not a demonstrated null)",neonatal,not applicable,"secondary analysis of RCT, post-randomisation subgroup",Moderate-high (RCT-derived but post-randomisation interval subgroup),Q2/Q6,"Low-resource setting; directly relevant to treatment-to-delivery interval question - challenges rigid 24h-7day window as the only effective interval"
25,Melamed,2015,Obstet Gynecol,26000509,10.1097/AOG.0000000000000840,Retrospective cohort (Canadian Neonatal Network),Canada tertiary NICUs,6870 singletons,24-33+6 weeks,any ACS by interval category,"No ACS (1378) vs partial ACS <24h (1473) vs ACS 1-7d (2721, reference) vs ACS >7d (1298)",interval-stratified vs 1-7d reference,primary stratifier of this study,not stated,composite adverse outcome; neonatal death,"Composite outcome vs 1-7d ref: no ACS aOR 2.12 (1.69-2.65); partial <24h aOR 1.48 (1.22-1.80); >7d aOR 1.46 (1.20-1.77); neonatal death: no ACS aOR 2.56 (1.83-3.59); partial <24h aOR 1.59 (1.16-2.18); >7d aOR 1.40 (1.00-1.97)",neonatal,not applicable,"Large cohort, adjusted, single high-income network",Moderate,Q2,"Clearest absolute/relative evidence that a partial (<24h) course closes roughly half the gap vs no ACS at all - key source for 'is one dose better than none' question"
26,Norman (EPICE cohort),2017,JAMA Pediatr,28505223,10.1001/jamapediatrics.2017.0602,Population-based prospective cohort,19 regions 11 European countries,4594 singletons,24-31 weeks,any ACS by continuous interval,continuous interval hours to weeks,unexposed vs exposed by interval,primary stratifier,not stated,mortality; brain injury,"Unexposed mortality 20.6% (136/661); mortality fell rapidly with ACS, plateauing at >50% risk reduction after 18-36h; brain-injury benefit required >48h; benefit waned after 1 week; simulated dosing 3h pre-delivery -> ~26% estimated mortality decline (causal assumption/simulation)",neonatal,not applicable,"Large but observational/simulation-based for the <6h estimate",Moderate,Q2,"Key source for shape of dose-response curve; the 26% mortality reduction at 3h is a MODELLED/simulated estimate, not a direct observed comparison - flag this distinction in guideline text"
27,Chawla (NICHD NRN),2025,JAMA Netw Open,39982720,10.1001/jamanetworkopen.2024.61312,Cohort (NICHD Neonatal Research Network),USA multicentre,1806 (475 no-beta; 1331 single-dose <24h),extremely preterm 22-27+6 weeks,single-dose betamethasone by continuous interval,single dose only,continuous hours-to-delivery,median 3.8h (IQR 1.4-9.5h),not stated,survival; survival without severe morbidity,"Survival aRR per 1h 1.01 (1.00-1.01); per 6h 1.04 (1.01-1.07). Survival w/o severe morbidity: per 1h 1.01 (1.01-1.02); per 6h 1.09 (1.04-1.14) - benefit increases continuously with more hours even within <24h",neonatal,not applicable,"Large prospective network registry, adjusted",Moderate,Q2/Q6,"Directly relevant to the ~1h-before-delivery question: shows continuous, monotonic benefit even at very short intervals (median in this cohort only 3.8h) - no threshold/cliff effect identified below which benefit disappears"
28,Saldana-Garcia (single dose ~1h),2021,J Clin Med,35011761,10.3390/jcm11010020,Retrospective cohort,Spain level IIIC NICU + non-tertiary referral,76 neonates <35 weeks <=1500g,<35 weeks,single dose vs none,single dose ~1h mean pre-delivery ('PM' cohort) vs none ('NM'),no ACS,mean interval approx 1 hour,not stated,serious neonatal outcome; mechanical ventilation need,"Serious outcomes: PM OR 0.2 (0.07-0.9) vs NM; reduced MV need (54% vs 68%); in non-tertiary births: serious outcome 28.5% vs 62.2%, MV-need OR 0.09 (0.01-0.8)",neonatal,not applicable,"Small, retrospective, single centre",Low,Q2/Q6,"CLOSEST direct analogue to the unit's operational question (dose ~1h before delivery) - small and retrospective, but shows no harm and a possible benefit signal even at this very short interval"
29,Schmitz (BETADOSE),2022,Lancet,35988568,10.1016/S0140-6736(22)01535-5,RCT double-blind non-inferiority,France 37 level-3 centres,3244 women (1620 half-dose/1624 full-dose),<32 weeks,half dose (1 injection) vs full dose (2 injections 24h apart),11.4mg once vs 11.4mg x2 24h apart,dose omission comparison at standard 24h spacing,not the focus (compares dose number not interval compression),not stated,surfactant need <48h,"Surfactant need <48h: half-dose 313/1567 (20.0%) vs full-dose 276/1574 (17.5%); risk difference 2.4% (95% CI -0.3 to 5.2) - non-inferiority of omitting 2nd dose NOT demonstrated",neonatal (post hoc secondary analysis extended slightly further),"survival w/o severe morbidity half-dose 66.5% vs full-dose 65.8%, risk diff +0.7% (-5.6 to +7.1) - underpowered for this outcome",Large well-conducted RCT,Moderate-high,Q2,"Best direct RCT evidence that omitting the 2nd dose does not clearly preserve efficacy - relevant to 'does the 2nd dose add benefit' question, though tests omission at standard 24h spacing not a ~1h-before-delivery scenario specifically"
30,Saldana-Garcia (12h vs 24h),2022,J Clin Med,35268318,10.3390/jcm11051227,Retrospective cohort,Spain level IIIC NICU,275 neonates <=34 weeks <=1500g,<=34 weeks,betamethasone 2 doses 12h apart vs 24h apart,2 doses 24h apart ('CM') vs 2 doses 12h apart ('AM'),betamethasone 24h interval,not primary stratifier,not stated,mortality; severe morbidity; 24-month neurodevelopment (ASQ-3),"No difference mortality/severe morbidity; AM (12h) cohort less first-week hypotension (p=0.04); trend lower max FiO2/shorter MV (p=0.14); no adverse 24-month neurodevelopment signal",24 months,no adverse neurodevelopmental signal with 12h interval (NS, small study),"Small, retrospective, single centre - hypothesis-generating",Low,Q1/Q2,"DUPLICATE of ref_id 21 - only study with both an interval comparison AND neurodevelopmental follow-up; reassuring direction for 12h dosing but very low certainty"
31,Xodo,2022,Front Pediatr,36046480,10.3389/fped.2022.894526,Retrospective single-centre cohort,Italy,1543 neonates (1022 complete 24mg / 236 incomplete 12mg),24-34 weeks,complete vs incomplete betamethasone course,24mg complete vs 12mg incomplete,incomplete vs complete course,not primary stratifier,not stated,IVH grade 3-4; PVL; RDS,"Incomplete group: IVH gr3-4 7.81% vs 3.74% (p<0.05, favouring complete); PVL 7.29% vs 1.99% (p<0.05, favouring complete); RDS 84.38% vs 78.83% (p=0.085 NS); complete course independently protective for IVH gr3-4/PVL/Apgar after adjustment",neonatal,not applicable,"Retrospective, single centre",Low,Q2,"Compares partial-vs-complete (not partial-vs-none); shows a complete course outperforms a partial 1-dose course on IVH/PVL - relevant context but answers a different question than 'partial vs none'"
32,Been (chorioamnionitis meta-analysis),2011,BJOG,21054759,10.1111/j.1471-0528.2010.02751.x,Meta-analysis of 7 observational studies,preterm infants various settings,"HCA: 5 studies; clinical CA: 4 studies",preterm (mixed),ACS in presence of chorioamnionitis,not specified (pooled),ACS vs no ACS within chorioamnionitis-positive infants,not primary stratifier,"histological (HCA) and clinical CA analysed separately",mortality; RDS; PDA; IVH; severe IVH; PVL,"HCA: mortality OR 0.45 (0.30-0.68); RDS OR 0.53 (0.40-0.71); PDA OR 0.56 (0.37-0.85); IVH OR 0.35 (0.18-0.66); severe IVH OR 0.39 (0.19-0.82). Clinical CA: severe IVH OR 0.29 (0.10-0.89); PVL OR 0.35 (0.14-0.85)",neonatal,not applicable,"Observational studies meta-analysed; residual confounding by indication",Low,Q3,"Best available pooled evidence that ACS remains beneficial with chorioamnionitis present, whether clinical or histological - no RCT evidence exists in this population (ethically difficult to randomise)"
33,Amiya,2016,PLoS ONE,26841022,10.1371/journal.pone.0147604,Systematic review + meta-analysis,women with chorioamnionitis at risk of imminent preterm birth,9 studies (8 meta-analysed),preterm (mixed),ACS in presence of chorioamnionitis,not specified (pooled),ACS vs no ACS,not primary stratifier,not separated clinical/histological in pooled estimate,neonatal mortality; RDS; IVH; severe IVH,"Neonatal mortality OR 0.49 (0.34-0.73); RDS OR 0.58 (0.44-0.76); IVH OR 0.41 (0.24-0.69); severe IVH OR 0.40 (0.24-0.69)",neonatal,not applicable,"Observational studies; no RCTs available",Low,Q3,"Corroborates Been 2011 - consistent benefit magnitude with the general (non-chorioamnionitis) ACS effect size"
34,Ryu,2019,Neonatology,31593959,10.1159/000502650,Retrospective cohort,Korea single centre,254 singleton AGA infants (109 HCA),23+0-33+6 weeks,ACS timing within HCA+ infants,'optimal' ACS (2-7 days before birth) vs no ACS within HCA+ group,no ACS within HCA+ group,primary stratifier (optimal vs suboptimal timing),histological chorioamnionitis (HCA),severe BPD/death; hypotension; sepsis; PDA treatment,"In HCA+ infants, optimal ACS vs no ACS: severe BPD/death aOR 0.03 (0.01-0.42); hypotension aOR 0.02 (0.01-0.26); inhaled NO aOR 0.06 (0.00-0.81); PDA treatment aOR 8.14 (1.20-55.24) [increased]; sepsis aOR 6.85 (1.02-46.07) [increased]",neonatal,not applicable,"Single centre, small subgroup, Firth penalised regression for rare events, wide CIs",Low,Q3,"ONLY study identified reporting an INCREASED sepsis signal with ACS specifically within a chorioamnionitis-positive cohort - small, wide CI (1.02-46.07), cannot be considered robust, but should be flagged"
35,Garite,2009,Am J Obstet Gynecol,19254583,10.1016/j.ajog.2009.01.021,Multicentre RCT,USA,437 (223 rescue steroid/214 placebo),<33 weeks recurring preterm-birth threat,rescue/repeat steroid dosing (chorioamnionitis EXCLUDED from trial),rescue single dose,placebo,not primary stratifier,EXCLUSION CRITERION - chorioamnionitis excluded entirely,composite neonatal morbidity,"Composite morbidity <34wk: 43.9% vs 63.6%, OR 0.45 (0.27-0.75, P=.002); all-GA composite: 32.1% vs 42.6%, OR 0.65 (0.44-0.97, P=.0034)",neonatal,not applicable,RCT - good internal validity,Moderate-high,Q3/Q7,"Directly relevant to Q3's 'does chorioamnionitis change 2nd-dose calculus' question only by EXCLUSION - no trial has generated rescue-dosing data specifically in chorioamnionitis-positive women, a genuine evidence gap"
36,Liggins and Howie (index trial),1972,Pediatrics,4561295,none recorded in PubMed (pre-DOI era),RCT,Auckland New Zealand,approx 1200 pregnancies (exact n not in retrieved abstract),preterm risk,betamethasone (original regimen: betamethasone phosphate 6mg + betamethasone acetate 6mg x2 24h apart),placebo,not primary stratifier,not stated,RDS; neonatal mortality,"Original index trial establishing antenatal corticosteroid efficacy for RDS prevention (foundational trial - see Cochrane reviews for pooled effect sizes)",neonatal (index trial); cohort followed to 30y separately (see refs below),not applicable to index publication,"Landmark RCT of its era",High historical importance; index trial itself not GRADE-rated in this synthesis,Q7,"THE original ACS trial (1972) - establishes betamethasone as the first-studied agent; note NO DOI recorded in PubMed for this pre-DOI-era paper (data completeness limitation, not a verification failure)"
37,Dalziel (30yr cardiometabolic),2005,Lancet,15924982,10.1016/S0140-6736(05)66617-2,RCT follow-up (Liggins/Howie cohort),Auckland New Zealand,534,mixed term/preterm,single betamethasone course (original 1972 trial),as original trial,placebo,not applicable,not applicable,cardiometabolic outcomes at 30 years,"No group difference in body size, lipids, BP, cortisol, diabetes prevalence, CVD history; post-OGTT 30-min insulin 60.5 vs 52.0 mIU/L (ratio of geometric means 1.16, 95% CI 1.03-1.31, p=0.02); 120-min glucose 4.8 vs 5.1 mmol/L (diff -0.26, 95% CI -0.53 to 0.00, p=0.05)",30 years,mild insulin-resistance signal only; no major cardiometabolic difference,"Single RCT, long attrition",Moderate,Q7,"Longest-follow-up cardiometabolic data for a single ACS course - reassuring overall, with a small insulin-sensitivity signal that did not translate into diabetes/CVD excess at 30 years"
38,Dalziel (30yr psychological),2005,BMJ,16143712,10.1136/bmj.38576.494363.E0,RCT follow-up (Liggins/Howie cohort),Auckland New Zealand,192 (87 beta/105 placebo),mixed,single betamethasone course,as original trial,placebo,not applicable,not applicable,cognition; psychiatric morbidity; HRQoL at 31 years,"No differences in cognitive function, working memory/attention, psychiatric morbidity (Beck-II, STAI, schizotypy), handedness, or HRQoL (SF-36)",31 years,no adverse psychological/cognitive signal,Single RCT,Moderate,Q7,"Longest-follow-up psychological/psychiatric data for a single ACS course - reassuring, no signal of harm at 31 years"
39,Murphy (MACS),2008,Lancet,19101390,10.1016/S0140-6736(08)61929-7,RCT,80 centres 20 countries,1858 women/2306 infants,25-32 weeks entry,multiple (14-day repeat) courses vs single course,repeat courses vs placebo after initial course,placebo,not primary stratifier,not stated,composite morbidity/mortality; birthweight; length; head circumference,"Composite morbidity/mortality similar (12.9% multi-course vs 12.5% placebo); birthweight 2216g vs 2330g (p=0.0026); length 44.5 vs 45.4cm (p<0.001); head circumference 31.1 vs 31.7cm (p<0.001)",birth,not applicable to index trial,RCT,Moderate,Q7,"Landmark repeat-course RCT - establishes growth-restriction signal with repeat dosing without a corresponding short-term morbidity benefit"
40,Asztalos (MACS-5),2013,JAMA Pediatr,24126948,10.1001/jamapediatrics.2013.2764,RCT follow-up,as MACS,1719 of 2141 eligible,mixed,as MACS,as MACS,placebo,not applicable,not applicable,death/neurodevelopmental disability at 5 years,"217/871 (24.9%) multi-course vs 210/848 (24.8%) single-course; OR 1.02 (95% CI 0.81-1.29, p=0.84)",5 years,no overall difference,RCT follow-up,Moderate,Q7,"Reassuring overall - but see GA-stratified analysis (ref 41) for the term-birth subgroup harm signal"
41,Asztalos (MACS-5 GA-stratified),2014,BMC Pregnancy Childbirth,25123162,10.1186/1471-2393-14-272,RCT follow-up GA-stratified,as MACS,1719,"<30, 30-36, >=37 weeks (stratified)",as MACS,as MACS,placebo,not applicable,not applicable,death/neurodevelopmental disability at 5 years by GA stratum,"In infants born >=37 weeks: 48/213 (22.5%) multi-course vs 38/249 (15.3%) single-course; OR 1.69 (95% CI 1.04-2.77, p=0.037)",5 years,"harm signal concentrated in the TERM-birth subgroup specifically",RCT secondary analysis,Moderate,Q7,"KEY finding: repeat-course harm is concentrated in babies who ended up born at TERM - directly relevant to repeat-course policy and to the 'exposed but born at term' question"
42,Crowther (ACTORDS),2006,Lancet,16765760,10.1016/S0140-6736(06)68846-6,RCT,Australia/New Zealand,982,<32 weeks entry,weekly repeat dosing vs single course,weekly repeat vs placebo after initial course,placebo,not primary stratifier,not stated,RDS; severe lung disease,"RDS 33% vs 41% (RR 0.82, 0.71-0.95, p=0.01); severe lung disease 12% vs 20% (RR 0.60, 0.46-0.79, p=0.0003); birthweight/HC z-scores lower with repeat dosing but not at discharge",birth,not applicable to index trial,RCT,Moderate,Q7,"Second major repeat-course RCT (alongside MACS) - respiratory benefit shown, with transient growth effect"
43,McKinlay (ACTORDS 6-8y cardiometabolic),2015,Pediatrics,25601978,10.1542/peds.2014-2408,RCT follow-up,Australia/New Zealand,258 of 320 (81%),<32 weeks entry,as ACTORDS,as ACTORDS,placebo,not applicable,not applicable,cardiometabolic function at 6-8 years,"No differences in fat mass (GMR 0.98, 0.78-1.23), insulin sensitivity (GMR 0.89, 0.74-1.08), 24h ambulatory BP (systolic diff 0mmHg, -2 to 2), eGFR",6-8 years,no adverse cardiometabolic signal,RCT follow-up,Moderate,Q7,"Reassuring mid-childhood cardiometabolic follow-up of repeat-course ACTORDS cohort"
44,May (ACTORDS 20yr),2025,PLoS Med,40435347,10.1371/journal.pmed.1004618,RCT follow-up,New Zealand,214 of 352 (61%),<32 weeks entry,as ACTORDS,as ACTORDS,placebo,not applicable,not applicable,asthma; neurodevelopmental/cardiovascular/mental-health at 20.5 years,"Asthma 58/107 (54%) repeat vs 50/107 (47%) placebo; RR 1.13 (0.87-1.46); secondary outcomes small differences, CIs crossed 1",20.5 years (mean),no clear adverse signal at 20 years (wide CIs),RCT follow-up (61% response - some attrition bias risk),Moderate,Q7,"LONGEST follow-up of any repeat-course ACS RCT (20.5 years) - no clear signal of harm, though study not powered to exclude modest effects"
45,Gyamfi-Bannerman (ALPS),2016,N Engl J Med,26842679,10.1056/NEJMoa1516783,RCT double-blind placebo-controlled,USA 17 MFMU centres,2827 (1427 ACS/1400 placebo),34+0-36+6 weeks late preterm,betamethasone standard 2-dose course,standard course,placebo,not primary stratifier,not stated,neonatal respiratory composite; hypoglycaemia,"Primary composite 11.6% vs 14.4% (RR 0.80, 0.66-0.97, p=0.02); neonatal hypoglycaemia 24.0% vs 15.0% (RR 1.60, 1.37-1.87, p<0.001)",neonatal,not applicable to index trial,Large multicentre RCT,High,Q7,"Landmark late-preterm ACS trial (ALPS) - establishes both the respiratory benefit AND the hypoglycaemia signal in this stratum"
46,Gyamfi-Bannerman (ALPS neurodevelopmental follow-up),2024,JAMA,38656759,10.1001/jama.2024.4303,RCT follow-up,USA,949 of 2831 (479 ACS/470 placebo),34-36+6 weeks,as ALPS,as ALPS,placebo,not applicable,not applicable,DAS-II General Conceptual Ability <85 at >=6 years (median 7y),"82/479 (17.1%) ACS vs 87/470 (18.5%) placebo; aRR 0.94 (0.73-1.22); no secondary-outcome differences",median 7 years,no adverse neurodevelopmental signal,RCT follow-up,Moderate-high,Q7,"Reassures on the ALPS hypoglycaemia signal not translating to later neurodevelopmental harm"
47,Räikkönen (term exposure, mental/behavioural disorders),2020,JAMA,32427304,10.1001/jama.2020.3937,National register cohort + sibling design,Finland,670097 (14868 exposed),term and preterm,any ACS exposure,not specified (register-linked, real-world regimens),unexposed,not primary variable (exposure vs non-exposure, not interval),not stated,any mental/behavioural disorder,"Term-born: 8.89% exposed vs 6.31% unexposed, HR 1.47 (95% CI 1.36-1.69); absolute difference 2.58% (1.92-3.29%). Sibling-discordant pairs: 6.56% vs 4.17%, HR 1.38 (1.21-1.58). Preterm: HR 1.00 (0.92-1.09) NOT significant",median 5.8 years,increased risk in TERM-born exposed children specifically; no signal in preterm-born,"Observational register-based; confounding by indication explicitly flagged even with sibling design",Low,Q7,"KEY source for the 'exposed but born at term' parental-anxiety question - association clear and precise, causation NOT established; sibling design partially attenuates but does not eliminate the association, consistent with residual confounding by indication rather than proof of a drug effect"
48,Räikkönen (term exposure, developmental disorder subtypes),2022,JAMA Netw Open,36001315,10.1001/jamanetworkopen.2022.28518,National register cohort,Finland,670097 (14868 exposed),term and preterm,any ACS exposure,as above,unexposed,not primary variable,not stated,speech/language; scholastic-skills; motor-function; pervasive developmental; epilepsy; cerebral palsy disorders,"Term-born exposed vs unexposed: speech/language aHR 1.47 (1.31-1.66); scholastic-skills aHR 1.28 (1.01-1.63); motor-function aHR 1.38 (1.12-1.70); pervasive developmental aHR 1.42 (1.16-1.75); epilepsy aHR 1.57 (1.22-2.01); cerebral palsy aHR 2.18 (1.47-3.23)",median 5.8 years,increased across multiple specific disorder categories in term-born exposed children,Observational register-based; same cohort/limitations as ref 47,Low,Q7,"Companion paper to ref 47 with disorder-specific breakdown - same causation caveats apply throughout"
49,Ho (Taiwan national cohort - term exposure NULL finding),2025,Eur J Pediatr,39912937,10.1007/s00431-025-05994-0,National register cohort,Taiwan,born 2010-2014 nationwide,early-term and full-term,ACS <34 weeks (regardless of eventual birth timing),as per Taiwanese national practice,unexposed,not primary variable,not stated,ADHD; developmental delay,"ACS associated with increased ADHD/developmental delay in EARLY-TERM (37-38wk) births only; NO significant association in FULL-TERM births",to end 2021 (childhood),null finding specifically in full-term stratum,Observational register-based,Low,Q7,"IMPORTANT BALANCING evidence to the Finnish findings - shows the opposite pattern (no signal) in the full-term stratum specifically in a different national cohort; underscores that the term-exposure literature is NOT uniformly positive for harm and genuine uncertainty remains"
50,Ninan (long-term outcomes meta-analysis),2022,JAMA Pediatr,35404395,10.1001/jamapediatrics.2022.0483,Systematic review + meta-analysis,multinational,"30 studies, >1.25 million children",extremely preterm / late-preterm / full-term (stratified),any ACS exposure,pooled across studies,unexposed,not primary variable,not stated,neurodevelopmental impairment; neurocognitive/mental-behavioural disorder,"Extremely preterm: neurodevelopmental impairment aOR 0.69 (0.57-0.84) - BENEFIT. Late-preterm: neurocognitive disorder investigation aHR 1.12 (1.05-1.20), n=25668 - small harm signal. Full-term: mental/behavioural disorder aHR 1.47 (1.36-1.60), n=641487; neurocognitive disorder aHR 1.16 (1.10-1.21), n=529205",>=1 year (varies by included study),"benefit in extremely preterm, small harm signals in late-preterm and full-term strata",GRADE-rated by review authors as low certainty for all pooled estimates,Low (per GRADE stated in source),Q7,"Best single summary of the gestational-age-dependent balance of benefit/harm - the SAME exposure (ACS) appears protective in extremely preterm infants and associated with harm signals in late-preterm/term infants, i.e. effect direction depends entirely on whether the birth was actually preterm"

