id,author_year,country,setting,level_of_care,design,n_patients,n_events,population_detail,intervention,comparator,outcomes_measured,primary_result,effect_size,ci_lower,ci_upper,p_value,secondary_results,ascertainment_method,rob_tool,rob_domains,rob_overall,directness,grade_certainty,grade_reason,funding,conflicts,key_limitation,abstract_only,pmid,doi,notes,domain,fortifier_type,fortification_definition,subgroup_flag,bmf_terminology_check
D1-01,Thanigainathan 2020,multiple (Cochrane),hospital NICU,tertiary,Cochrane SR of RCTs (2 trials),237,,VLBW <1500g,Early fortification (<100 mL/kg/d or <7d PNA),Late fortification (>=100 mL/kg/d or >=7d),time to regain birth weight; linear/head growth; NEC; surgical NEC; TPN duration; LOS; mortality,No significant effect on growth or NEC,MD -0.06 d (regain BW); MD 0.10 cm/wk (linear growth); MD -0.01 cm/wk (head growth),-1.32 / -0.03 / -0.07,1.20 / 0.22 / 0.06,NS (all),"No effect on surgical NEC, TPN duration, LOS, mortality, invasive infection","Cochrane standard methods, RoB assessed by 2 authors",Cochrane RoB,lack of blinding (both trials),high (unblinded),Direct (VLBW preterm),Low,Risk of bias (lack of blinding) + imprecision (small N=237),Cochrane Neonatal,none declared,"Only 2 trials, 237 infants; one bovine one human-milk-derived fortifier confounds product with timing",No,32726863,10.1002/14651858.CD013392.pub2,"Landmark Cochrane review; defines early=<100mL/kg/d or <7d, late=>=100mL/kg/d or >=7d",1,"mixed (1 bovine powder, 1 human-milk-derived)",20 mL/kg/d (trial 1) or 40 mL/kg/d (trial 2) vs 100 mL/kg/d (both),general VLBW,Does not use BMF abbreviation
D1-02,Alyahya 2019,UK (Glasgow),hospital NICU,tertiary,Systematic review of RCTs (2 trials),171,,"VLBW <1500g, exclusively/predominantly EBM-fed",Early fortification (EF),Delayed fortification (DF),"growth, feeding intolerance, LOS, maturity at discharge",No significant impact of EF vs DF on any outcome,not pooled (narrative),,,NS (all reported),Definitions of EF/DF inconsistent between the 2 included trials,"4 independent screeners, narrative synthesis (no meta-analysis)",not specified as formal tool,,not formally graded,Direct (VLBW preterm),Low,"Imprecision (only 2 trials, 171 infants) + inconsistency (differing EF/DF definitions)",not reported in abstract,not reported in abstract,"Predecessor to Thanigainathan Cochrane review; same underlying 2 trials, narrative only",No,31326969,10.1159/000501279,1972 records screened to 2 included — high exclusion rate reflects sparse direct trial evidence,1,mixed,"varies by trial, not harmonised",general VLBW,Does not use BMF abbreviation
D1-03,Basu 2020,India,hospital NICU,tertiary,Systematic review and meta-analysis of RCTs (3 trials),309,,"preterm infants, breast milk fed",Early fortification (EF),Late fortification (LF),weight/length/head-circumference SMD; TPN days; LOS; feed intolerance; NEC,No significant difference in growth parameters; significantly LONGER hospital stay with EF,Weight SMD 0.13; Length SMD 0.02; HC SMD -0.10; LOS MD 4.29 d longer with EF,-0.09 / -0.20 / -0.33 / 0.84,0.36 / 0.25 / 0.12 / 7.75,NS for growth; significant for LOS,Non-significant trend to increased feed intolerance and NEC with EF,"RevMan 5.3, GRADE for certainty",not specified (implied Cochrane RoB),,Very low (per authors' own GRADE),"Direct (preterm, BM-fed)",Very low,"Risk of bias + imprecision (small pooled N=309) — GRADE certainty as reported by study authors, not re-derived",not reported in abstract,not reported in abstract,Only 3 RCTs; PROSPERO CRD42019139235 registered a priori,No,32458060,10.1007/s00431-020-03677-6,Key null/harms finding: early fortification associated with LONGER hospital stay despite no growth benefit — must be given full prominence per brief's null-finding rule,1,not specified/mixed,varies by trial,general preterm,Does not use BMF abbreviation
D1-04,Shah 2016,USA (Tennessee/Florida),hospital NICU,tertiary,RCT,100,2 NEC (1 each arm),VLBW infants,Early fortification at 20 mL/kg/d feeds,Delayed fortification at 100 mL/kg/d feeds,feeding intolerance episodes; time to full feeding volume; protein intake,No difference in days to full feeds or feeding intolerance episodes; higher protein intake with EF,Days to full feeds: 20 vs 20 (median),,,P=.45 (days to full feeds); P<.001 (protein intake wk1-2),Feeding intolerance episodes 58 vs 57 (NS); cumulative 4-wk protein intake 98.6 vs 89.6 g/kg (P<.001),"prospective RCT, standardized feeding protocol",not specified,unmasked (not stated as blinded),unclear/moderate,Direct (VLBW),Low,"Single small trial (n=100), imprecision, unclear blinding status",not reported in abstract,not reported in abstract,"Underpowered for NEC and mortality; single-outcome-driven design (feeding intolerance/protein intake, not growth or ND)",No,27112041,10.1016/j.jpeds.2016.03.056,One of only 2 RCTs underlying the Thanigainathan Cochrane review; the brief's canonical 20 vs 100 mL/kg/d trial. ClinicalTrials.gov NCT01988792,1,"not specified (bovine powder implied, standard-of-care era)",20 mL/kg/d (early) vs 100 mL/kg/d (delayed),general VLBW,Does not use BMF abbreviation
D1-05,Salas 2023,USA,hospital NICU,tertiary,RCT (masked),"150 randomized, 105 (70%) primary outcome assessed",11 deaths during observation,"extremely preterm, <=28 weeks",Human-milk-based fortifier from feeding day 2 (early),Standard unfortified diet until bovine fortifier ordered per usual practice,fat-free mass (FFM)-for-age z-score at 36wk PMA (primary); length gain velocity; head-circumference z-score decline,No difference in FFM-for-age z-score at 36 weeks PMA,not given numerically in abstract for primary outcome,,,not significant for primary outcome,Length gain velocity higher in intervention group; smaller HC-for-age z-score decline in intervention group,"masked RCT, air-displacement plethysmography for body composition",not specified,30% primary-outcome attrition,moderate (high attrition),Direct (extremely preterm),Moderate,"Single RCT, masked, but substantial (30%) attrition on primary outcome = imprecision/risk of bias",not reported in abstract,not reported in abstract,Primary FFM outcome null; secondary length/HC findings hypothesis-generating only,No,37551512,10.1542/peds.2023-061603,Uses human-milk-based product for the 'early' arm specifically to avoid confounding early bovine exposure — a deliberate design choice distinguishing timing from product-type questions,1,human-milk-derived (early arm) then bovine (both arms later),from feeding day 2 (extremely early) vs standard practice (usually ~100mL/kg/d),extremely preterm <28wk,Does not use BMF abbreviation; distinguishes 'human-based' vs 'standard bovine-based' explicitly
D1-06,Salas 2025,USA,hospital NICU,tertiary,RCT (unmasked),"80 randomized, 74 (92.5%) primary outcome",,"preterm, birthweight <1800g, GA 29 0/7 to 33 6/7 weeks",Early fortification (postnatal day 4-7),Delayed fortification (postnatal day 10-14),"FFM z-score at postnatal day 21 (primary); weight, length",No difference in FFM z-score,-1.7 +/- 0.9 vs -1.8 +/- 0.9,,,"P=0.64 (primary, NS)","Higher weight (median diff +131g, 95% CI 12-236, P=0.03), higher FFM in grams (+103g, 95% CI 1-193, P=0.03), higher length (+0.9cm, 95% CI 0.1-1.8, P=0.04) with early fortification","unmasked RCT, air-displacement plethysmography",not specified,unmasked design,moderate (lack of blinding),"Direct (moderate-to-late preterm, birthweight <1800g)",Low,"Small single trial (n=80), unmasked design, secondary outcomes only nominally significant with multiple comparisons",not reported in abstract,not reported in abstract,Primary FFM-z-score outcome null; positive findings are secondary/exploratory,No,39986385,10.1016/j.ajcnut.2025.02.019,ClinicalTrials.gov NCT05525585. Confounds postnatal-day AND feed-volume manipulation simultaneously (feeds already at 60-80 mL/kg/d in both arms) — flagged per brief instruction to separate volume-threshold vs postnatal-day trials,1,bovine-derived,postnatal day 4-7 (early) vs day 10-14 (delayed); both arms already at 60-80 mL/kg/d feeds,general preterm,Does not use BMF abbreviation
D1-07,Tucker 2025,USA,hospital NICU,tertiary,Secondary analysis of RCT (Salas 2023 cohort),150 (same cohort as Salas 2023),,"extremely preterm, <=28 weeks","Early fortification (human-milk-based, from day 3)",Delayed fortification (day 14),BPD severity distribution,Significant difference in BPD severity distribution favouring milder BPD in early group,"distribution comparison, not single effect size",,,P=.039,,secondary/exploratory analysis of pre-existing RCT dataset,not specified,secondary analysis = higher risk of chance finding,"high (post-hoc, unadjusted for multiplicity)",Direct (extremely preterm) but outcome (BPD) is not the RCT's pre-specified primary outcome,Very low,"Post-hoc secondary analysis, single small trial, outcome not pre-specified as primary — serious risk of bias from multiplicity",not reported in abstract,not reported in abstract,Hypothesis-generating only; BPD was not the parent trial's primary outcome,Yes,40714049,10.1016/j.jpeds.2025.114750,"Secondary analysis of the same Salas 2023 RCT cohort (D1-05) — same underlying patients, do not double-count as independent evidence",1,human-milk-derived (early arm),"day 3 (early) vs day 14 (delayed), 2-week duration",extremely preterm <28wk,Does not use BMF abbreviation
D2-01,Leaf 2012 (ADEPT),UK/Ireland,54 hospitals,tertiary,RCT,404,NEC: 18% early vs 15% late,"gestation <35wk, birthweight <10th centile, abnormal antenatal umbilical artery Doppler",Enteral feeds started 'early' (day 2),Enteral feeds started 'late' (day 6),time to full sustained enteral feeding; NEC,Full feeds achieved earlier with early feeding; no difference in NEC,Median 18d vs 21d to full feeds; HR 1.36,1.11 (HR),1.67 (HR),"NEC: NS (RR 1.2, 95% CI 0.77-1.87)","Shorter PN duration, less high-dependency care, lower cholestatic jaundice, improved discharge weight SDS with early feeding","RCT, ISRCTN registered",not specified,unblinded (feeding timing not maskable),"moderate (unblinded, unavoidable)","INDIRECT for fortification question — this trial addresses timing of ANY enteral feed initiation, not fortifier initiation/timing",Moderate,"Large multicentre RCT but indirectness: does not test fortification, only feed initiation timing, in this population",not reported in abstract,not reported in abstract,"THE key extrapolation source for Domain 2 guidance — no fortification-specific RCT exists in this subgroup; ADEPT is repeatedly used as if it answered the fortification question, which it did not",No,22492770,10.1542/peds.2011-2379,"ISRCTN87351483. This is the single most important extrapolation flag in the whole brief: guidance to 'wait for full feeds/stability' before fortifying in Doppler-abnormal infants rests on this feed-INITIATION trial, not a fortification trial",2,N/A — trial does not test fortification,N/A,AEDF-REDF,"N/A, does not discuss fortifier type"
D2-02,Kempley 2013 (ADEPT subgroup),UK/Ireland,54 hospitals,tertiary,Secondary analysis of RCT (ADEPT cohort),"404 total; 83 <29wk, 312 >=29wk",NEC 32/83 (39%) <29wk vs 32/312 (10%) >=29wk,"growth-restricted infants with abnormal antenatal Doppler, stratified by gestation <29wk vs >=29wk",Same ADEPT feeding regimen,Gestational-age subgroup comparison,time to full feeds; NEC by gestational-age stratum,"Infants <29 weeks tolerated feeds far worse and had much higher NEC than >=29 weeks, despite identical protocol",Full feeds: median 28d (IQR 22-40) vs 19d (IQR17-23); HR 0.35; NEC RR 3.7,0.3 / 2.4,0.5 / 5.7,not stated numerically beyond CIs,Infants <29wk tolerated very little milk for first 10 days and reached full feeds 9 days later than the trial regimen predicted,"prospective data from randomised trial, subgroup analysis",not specified,subgroup analysis not powered a priori for this stratification,moderate,"INDIRECT for fortification (feed-initiation trial, not fortification-specific) but DIRECT for the population (AEDF/growth-restricted, extremely preterm)",Low,Subgroup analysis of an RCT not powered for this comparison; imprecision,not reported,not reported,Confirms a uniform feeding regimen is NOT appropriate for the most preterm growth-restricted infants — directly relevant caution for extrapolating any fortification protocol to <29-week AEDF infants,No,23973795,10.1136/archdischild-2013-304393,ISRCTN87351483 (same trial as D2-01),2,N/A,N/A,AEDF-REDF; extremely preterm <28wk,N/A
D2-03,Martini 2022,Italy (Bologna),single tertiary NICU,tertiary,Retrospective cohort,570,see effect sizes,"VLBW infants 2010-2022, stratified by antenatal Doppler pattern (normal; UA-AREDF alone; UA+DV-AREDF; brain-sparing redistribution)",N/A (observational Doppler exposure),Normal-Doppler controls,time to full enteral feeds (FEF); feeding intolerance (FI); NEC; SIP,"UA+DV-AREDF infants had significantly higher FI, NEC and SIP rates and later FEF vs controls; UA-AREDF alone and brain-sparing redistribution also showed increased FI/later FEF, with brain-sparing also raising NEC",not pooled as single RR/OR in abstract — stratified comparison across 4 Doppler categories,,,significant differences reported across strata (not itemised numerically in abstract),Demonstrates a Doppler-severity gradient of GI risk: UA-AREDF alone < UA+DV-AREDF for FI/NEC/SIP severity,"retrospective chart review, Doppler-based stratification",not specified (observational),"retrospective, single-centre, no fortification-specific data extracted","high risk of bias (retrospective, uncontrolled for fortification exposure specifically)","Direct for the population (AEDF/REDF) and for GI outcomes generally, but does NOT isolate fortification as an exposure — it studies Doppler status vs GI outcomes generally, not fortification timing/safety specifically",Very low,"Observational, single-centre, retrospective; does not directly test a fortification intervention — indirectness for the fortification question specifically, serious risk of bias for the association it does test",not reported in abstract,not reported in abstract,"Closest available evidence to a 'fortification-in-AEDF' dataset, but is actually a general GI-outcome-by-Doppler-status cohort; no data on whether/when fortifier was added is reported in the abstract",Yes,36501150,10.3390/nu14235121,"This is the paper the brief specifically asks to be distinguished from a true fortification trial — it is GI-outcome epidemiology, not an interventional fortification comparison",2,not addressed,not addressed,AEDF-REDF,N/A
D2-04,Malcolm 1991,UK,not specified (tertiary referral),tertiary,Retrospective matched cohort,25 AREDF pregnancies (19 morphologically normal fetuses) vs matched controls,NEC in 53% of AREDF morphologically-normal infants vs 6% controls,high-risk pregnancies with AREDF on umbilical artery Doppler,N/A (exposure = AREDF),Matched controls with normal umbilical artery Doppler,perinatal mortality; NEC,"Highly significant increased NEC risk with AREDF independent of growth restriction, prematurity or perinatal asphyxia",NEC 53% (AREDF) vs 6% (controls),,,highly significant (exact p not given in abstract),"Overall mortality 48% for all AREDF pregnancies, 37% for morphologically normal fetuses","retrospective case identification, matched-pair design",not applicable (pre-dates modern RoB tools),"small sample, retrospective, no fortification data whatsoever (predates modern fortification practice)",high risk of bias by modern standards; hypothesis-generating,"INDIRECT for fortification — this is the foundational AREDF-NEC epidemiological association paper, not a fortification study, and predates HMF as we know it",Very low,"Small (n=19-25), retrospective, no fortification exposure studied; historic study — very low certainty for any fortification-relevant inference",not reported,not reported,"Foundational mechanistic/epidemiological paper explaining WHY clinicians are cautious about feeding (and by extension fortifying) AEDF infants — must be labelled explicitly as background epidemiology, not fortification evidence",No,1863128,10.1136/adc.66.7_spec_no.805,"1991, pre-dates 10-year filters that would have deleted it; brief's no-date-limit instruction is directly vindicated by this entry",2,N/A,N/A,AEDF-REDF,N/A
D2-05,Wilson 1991,UK,single high-risk fetal assessment clinic,tertiary,Prospective cohort (correspondence/letter reporting confirmatory data),20 AREDF (18 liveborn) vs 18 matched controls,NEC in 4/18 (22%) AREDF vs 1/18 (6%) controls,"pregnancies with hypertension and/or IUGR, Doppler-studied",N/A (exposure = AREDF),Matched controls without AREDF,mortality; NEC,Confirms Malcolm 1991 association — NEC more common with AREDF independent of growth restriction/prematurity,NEC 22% vs 6%,,,"not given (small numbers, correspondence format)",Mortality 30% (6/20) with AREDF vs 0% controls,"prospective 2-year cohort at single clinic, published as a letter/correspondence responding to Malcolm 1991",not applicable,"very small numbers (n=18 per group), published as correspondence not full study",high risk of bias / very low precision,INDIRECT for fortification (same as Malcolm 1991) — epidemiological confirmation only,Very low,"Very small numbers, correspondence format, no fortification data",not reported,not reported,"Corroborates rather than independently establishes the AREDF-NEC link; explicitly a letter responding to Malcolm et al., not a standalone study",No,1776906,10.1136/adc.66.12.1467,"Published as a 'SIR,' letter in Arch Dis Child responding directly to Malcolm 1991 (D2-04) — label clearly as corroborating correspondence, not an independent trial",2,N/A,N/A,AEDF-REDF,N/A
D3-01,Olaloye 2020,USA,multiple (systematic review),tertiary,"Systematic review (19 studies: 2 case series, 1 cohort, 16 historical-control)","varies by included study, not pooled",,ELBW infants at risk for or after SIP,Early enteral nutrition (pre- or post-SIP),Later/delayed enteral nutrition,time to first feed; incidence of SIP; time to full enteral feeds; PN duration; LOS; neurodevelopmental outcome; mortality (primary: time to first feed),3 studies found reduced SIP incidence with enteral nutrition started in first 3 days of life; 2 studies found reduced mortality/ND impairment with early feeding,not pooled (narrative synthesis of heterogeneous historical-control studies),,,not pooled,No included study specifically addressed FORTIFIER timing/safety post-SIP — all address general enteral nutrition timing,"PRISMA-guided systematic review, PubMed/EMBASE/Medline",not specified (predominantly historical-control design flagged as inherently high risk),16/19 included studies are historical-control (high risk of bias/confounding by era),high (historical-control-dominated evidence base),"INDIRECT for fortification specifically — this is a feeding-INITIATION review for SIP, sub-question (i) in the brief's framework, not sub-question (ii) fortifier-addition timing",Very low,"Predominantly historical-control studies (serious risk of bias), narrative-only synthesis (no meta-analysis possible), and indirectness for the fortification-specific question",not reported in abstract,not reported in abstract,Confirms the brief's prediction: retrievable evidence addresses sub-question (i) [restart of ANY feeding] almost exclusively; sub-questions (ii) [fortifier addition timing] and (iii) [fortifier type and recurrence] are essentially absent from this systematic review,No,32397283,10.3390/nu12051347,The most direct evidence for Domain 3's framing — explicitly confirms the evidence gap the brief anticipated for sub-questions ii/iii,3,"not addressed (studies are about feed initiation, not fortifier)",N/A,post-SIP,N/A
D3-02,Bohnhorst 2003,Germany,single tertiary NICU,tertiary,Prospective cohort vs historic comparison group,26 (early feeding group) vs 18 (historic comparison),NEC recurrence: 2 (early) vs 1 (historic),infants with NEC Bell stage >=II,"Early restart of enteral feeds (once no portal venous gas x3 days on ultrasound), advanced 20 mL/kg/d",Historic comparison group (later restart),time to restart feeds; time to full enteral feeds; central-line duration; catheter sepsis; LOS; NEC recurrence/death,"Early feeding associated with shorter time to full feeds, shorter central-line duration, less catheter sepsis, shorter LOS, with no apparent increase in NEC recurrence or death",Feeds restarted median 4d (range 3-14) vs 10d (range 8-22); full feeds 10d (range7-31) vs 19d (range9-76); LOS 63d vs 69d,,,"P<.001 (time to full feeds); P<.01 (central-line duration, catheter sepsis); P<.05 (LOS)",1 NEC-related death in early group vs 2 in comparison group; 2 vs 1 recurrent NEC,prospective protocol-driven cohort vs historic controls,not specified (non-randomised),historic (non-concurrent) control group — confounded by secular changes in NICU care,"high risk of bias (non-randomised, historic control)",Direct for sub-question (i) [restarting ANY feeding after NEC] but says nothing about fortifier timing specifically (sub-question ii),Very low,Non-randomised historic-control design; explicitly underpowered (as authors themselves state) to exclude a higher NEC-recurrence risk,not reported in abstract,not reported in abstract,Authors themselves state the study was underpowered to exclude increased recurrence risk — an important self-acknowledged limitation to preserve in synthesis,No,14571225,10.1067/s0022-3476(03)00443-8,Landmark early-refeeding-after-NEC cohort named in the brief; says nothing about fortifier re-introduction specifically,3,not addressed,N/A,post-medical-NEC,N/A
D3-03,Hulscher/ERNICA 2024,Europe (multinational guideline panel),guideline development,tertiary/surgical referral,Evidence-based clinical practice guideline (GRADE methodology),N/A (guideline),,premature neonates with surgical NEC,"Guideline recommendations (surgical indications, drainage, technique, extensive-NEC management, enteral feeding, ND outcomes)",N/A,7 recommendations + 3 good-practice statements,Provides a general enteral-feeding recommendation domain but NO fortifier-specific recommendation for timing/safety of reintroducing HMF after surgical NEC,N/A,,,N/A,Certainty of evidence graded (very) low for most recommendations by the panel's own GRADE assessment,"Guidelines 2.0 checklist + GRADE methodology, multidisciplinary European expert panel + patient representatives","GRADE (guideline-level, not per-study)",,"(very) low certainty for most recommendations, per the guideline panel's own assessment",Direct for surgical NEC population generally; INDIRECT/ABSENT specifically for fortification (no fortifier-specific statement exists),Very low (per guideline's own GRADE label on most recommendations),"Guideline panel itself grades most recommendations (very) low certainty, reflecting sparse underlying trial evidence in surgical NEC generally",not reported in abstract,not reported in abstract,"Full-text checked specifically for a fortification-timing statement: NONE FOUND. This absence is itself the Domain 3 finding, not an oversight in this synthesis",No,39925108,10.1159/000542540,Confirms brief's prediction to 'report if none exists' — no fortification-specific recommendation exists in the current European surgical NEC guideline,3,not addressed,N/A,post-surgical-NEC,N/A
D3-04,De Rose 2026,Italy,national position-paper panel (SIN/SICP/SINUPE),tertiary/surgical,"Joint position paper (expert consensus, literature review 1990-Sept2024)",N/A,,"neonates undergoing major GI surgery (oesophageal atresia, CDH, chylothorax, intestinal atresia, abdominal wall defects, Hirschsprung, NEC, intestinal failure)","Nutritional management recommendations (EN timing/modality, milk choice, micronutrients)",N/A,"expert suggestions, not graded pooled effect estimates","Early EN (within 48h post-surgery) generally advised, prioritising human milk; NO fortifier-specific dosing/timing suggestion distinct from general EN advice","N/A (expert consensus, not evidence synthesis with effect sizes)",,,N/A,"Explicitly acknowledges 'lack of robust randomized controlled trials in this field', addressed 'through expert opinion'","Non-systematic literature review (PubMed 1990-2024) + expert panel consensus, not GRADE",N/A (expert opinion),,"Very low (explicitly expert-opinion based, authors state RCT evidence is lacking)","Direct for population (post-GI-surgery neonates, general category including NEC) but again no fortifier-specific evidence/statement",Very low,"Explicitly expert-opinion / consensus-based due to absence of RCTs in this field, as stated by the authors themselves",not reported in abstract,not reported in abstract,Second independent confirmation (alongside ERNICA 2024) that no fortifier-specific guidance exists for post-surgical NEC/SIP refeeding — the evidence gap is corroborated across two independent guideline/position-paper efforts,No,41519795,10.1186/s13052-025-02188-0,2026 publication; corroborates the ERNICA guideline's silence on fortifier-specific timing,3,not addressed,N/A,post-surgical-NEC,N/A
D4-01,"Brown 2020 (Cochrane, current version)",multiple (Cochrane),hospital NICU,tertiary,Cochrane systematic review and meta-analysis (18 RCTs),1456,"NEC: pooled RR 1.37 (13 studies, 1110 infants)",preterm infants fed human milk,Multi-nutrient fortified human milk,Unfortified human milk,"in-hospital weight gain, length, head circumference velocity; NEC; other morbidity/mortality; long-term growth/ND (limited data)","Fortification increases in-hospital weight, length and head-circumference growth velocity; low-certainty evidence of NO clear effect on NEC risk",Weight MD 1.76 g/kg/d; Length MD 0.11 cm/wk; HC MD 0.06 cm/wk; NEC RR 1.37,1.30 / 0.08 / 0.03 / 0.72,2.22 / 0.15 / 0.08 / 2.63,growth outcomes significant; NEC NS,Data on growth/ND beyond infancy sparse and show no clear fortification effect; evidence insufficient to determine long-term impact,"Cochrane Neonatal standard methods, 2 authors independent extraction, GRADE",Cochrane RoB,trials generally small and methodologically weak,"Low to moderate certainty overall (per Cochrane's own GRADE, not re-derived)","Direct (preterm, human milk fed)","Low-Moderate (varies by outcome; growth = low-moderate, NEC = low)","Small trials, methodological weakness (per Cochrane authors' own assessment) = risk of bias domain",Cochrane Neonatal,none declared,THE core Domain-4 evidence base; growth benefit is real but modest and long-term/ND data essentially absent — must not be over-interpreted as a growth-to-outcome causal chain,No,35658821,10.1002/14651858.CD000343.pub4,"Current (2020) update of the review the brief cites as 'Brown 2016' (PMID 27155888, CD000343.pub3, now superseded) — this synthesis uses the current version's numbers, noting the brief's citation year is one version behind",4,multi-nutrient (mixed/not product-specific),not standardised across included trials,general preterm,Does not use BMF abbreviation
D4-02,Rallis 2026,multiple (systematic review),hospital NICU,tertiary,"Systematic review and meta-analysis (15 RCTs), RoB2 + INSPECT-SR trustworthiness tool","1079 (546 fortified, 533 unfortified)",,neonates <=34 weeks GA or <=2500g birthweight,Fortified human milk,Unfortified human milk,weight/length/HC gain velocity; feeding intolerance; NEC; late-onset sepsis; CLD; time to full enteral feeds; LOS; mortality,"Fortified HM associated with significantly greater weight, length and HC gain velocity; no significant differences in feeding intolerance, NEC, LOS, sepsis, CLD or mortality",Weight MD 2.74 g/kg/d; Length MD 0.08 cm/wk; HC MD 0.06 cm/wk,1.27 / 0.02 / 0.03,4.22 / 0.14 / 0.10,significant for growth; NS for morbidity outcomes,"Substantial heterogeneity (I2 87-95%) for growth outcomes; INSPECT-SR flagged 1 trial with serious trustworthiness concerns, 12 with some concerns, 2 with none","PRISMA, RoB2, random-effects models, INSPECT-SR trustworthiness screening (novel addition)",Cochrane RoB2 + INSPECT-SR,substantial heterogeneity; trustworthiness concerns in most included trials,Low certainty overall (per authors),Direct (preterm/LBW),Low,Substantial unexplained heterogeneity (imprecision/inconsistency) and trial-trustworthiness concerns per authors' own INSPECT-SR screening,not reported in abstract,not reported in abstract,This is the brief's anticipated '2026 update' to Brown et al. — larger effect estimates than the Cochrane review but explicitly flagged by its own authors as low-certainty due to heterogeneity and trustworthiness concerns; do not treat as superseding Cochrane's more conservative estimate without noting this caveat,No,42451102,10.3390/nu18132098,Uses novel INSPECT-SR tool for study trustworthiness — a methodological strength worth naming explicitly in synthesis,4,not specified/mixed,not harmonised across included trials,general preterm/LBW,Does not use BMF abbreviation
D4-03,Campbell-Yeo 2025,multiple (network meta-analysis),hospital NICU,tertiary,Network meta-analysis (59 RCTs),not aggregated in abstract,,"preterm neonates, various feeding regimens including multi-nutrient fortification",Various fortification/feeding-regimen combinations,Network comparison across regimens,"mortality, NEC, ROP, sepsis, PVL, BPD, time to full enteral feeds, Bayley II MDI","Mother's own milk + donor milk + human-milk-based fortifier ranked top for mortality, NEC and time to full feeds; mother's own milk + phosphorus fortifier ranked top for ROP/BPD; insufficient high-quality evidence to support/refute any single regimen definitively","treatment rankings (SUCRA-style), not single pooled effect sizes in abstract",,,N/A (network ranking),"Sex-based/product-based ranking varied substantially by outcome, underscoring inconsistency across the evidence network","Cochrane CENTRAL/Medline/Embase/CINAHL to June 2023, 2 independent reviewers",not specified,network meta-analysis assumptions (transitivity) not detailed in abstract,Low (per authors' own conclusion of 'insufficient high-quality evidence'),Direct (preterm),Low,Authors' own conclusion states insufficient high-quality evidence to support or refute any regimen — network inconsistency and indirect comparisons downgrade certainty,not reported in abstract,not reported in abstract,Useful for showing DIRECTION of ranked preference (HM-derived fortifier tends to rank favourably) but explicitly not strong enough evidence to mandate practice change,No,40431391,10.3390/nu17101651,First global network-meta-analytic view of fortification/feeding-regimen combinations per the authors' own framing,4,multiple (network compares regimen classes),varies by trial in network,general preterm,Does not use BMF; uses 'bovine fortifier' as one network node
D5-01,Klamer 2022,Denmark,follow-up of RCT cohort,tertiary (original NICU) + community follow-up,Follow-up study of RCT (6-year corrected age),214 (141 breastfed [randomised F-MOM vs U-MOM] + 73 preterm-formula group),,"very preterm infants, followed to 6 years corrected age",Post-discharge fortification of mother's own milk (F-MOM),"Unfortified mother's own milk (U-MOM); separately, preterm formula (PF) group",Full-scale IQ (WISC-IV); subdomain scores; Five to Fifteen (FTF) parent questionnaire domains,Post-discharge fortification of MOM did NOT improve full-scale IQ or any FTF domain score vs unfortified MOM (essentially null),Median FSIQ 104 (F-MOM) vs 105.5 (U-MOM),,,P=0.29 (NS),"MOM group (fortified or not) had significantly better verbal comprehension (110 vs 106, P=0.03) and motor FTF scores (P=0.01) than the preterm-formula group",WISC-IV cognitive testing + FTF parent questionnaire at 6yr CA,"not specified (RCT follow-up, but attrition not detailed in abstract)",follow-up attrition not quantified in abstract,"moderate (long-interval follow-up, attrition risk)","DIRECT and Tier (i) per brief's directness taxonomy — fortification was the randomised variable and the outcome is a formal, hard neurodevelopmental endpoint (IQ), not a surrogate",Moderate,"Single RCT follow-up with a clinically important, well-validated hard outcome (IQ) but some downgrade for unspecified attrition and single-centre/country generalisability",not reported in abstract,not reported in abstract,"THE key Domain-5 Tier-i null finding — post-discharge fortification does not move the needle on IQ at school age; must be given full prominence per the brief's null-finding rule, not buried under positive surrogate-outcome findings elsewhere",No,35807888,10.3390/nu14132709,"Cross-referenced in Domain 7 (post-discharge) — same trial, two relevant domains",5,"bovine (implied, standard HMF for post-discharge fortification) — not explicitly BMF-labelled","post-discharge, shortly before discharge to 4 months corrected age",general VLBW/very preterm,Does not use BMF abbreviation
D5-02,Hopperton/O'Connor 2019 (18-month follow-up),Canada (Ontario),multi-site NICU follow-up,tertiary,Follow-up of RCT (18-month corrected age),"127 randomised, 109 (86%) assessed",,"infants born weighing <1250g, fed maternal milk + donor milk",Human milk-based fortifier (HMBF),Bovine milk-based fortifier (BMBF),"Bayley-III cognitive, language, motor composite scores at 18 months corrected age; death or neurodevelopmental impairment/disability",No statistically significant difference between HMBF and BMBF on any Bayley-III composite score,"Cognitive: 94.7 (HMBF) vs 95.9 (BMBF), MD -1.1",-6.5,4.4,NS for all three composite domains,No difference in proportion with death or neurodevelopmental impairment/disability between groups,"Bayley-III at 18mo CA, triple-blind parent trial (NCT02137473)",not specified,14% attrition to follow-up,"low-moderate (blinded parent RCT, modest attrition)","DIRECT, Tier (i) — fortifier TYPE was randomised (not timing/dose) and outcome is formal Bayley-III, not surrogate",Moderate,Blinded RCT follow-up with validated ND instrument; downgraded slightly for single-country setting and moderate sample size limiting precision,not reported in abstract,not reported in abstract,"Directly answers 'does fortifier SOURCE (human vs bovine) affect neurodevelopment' — answer is no, at 18 months; this is a different question from Klamer 2022's 'does fortifying at all vs not' question",No,32154499,10.1093/cdn/nzz129,"Follow-up of the O'Connor 2018 AJCN RCT (D8- entry below); BMBF here explicitly = bovine milk-based fortifier, the brief's reserved 'BMF' sense",5,human-milk-derived vs bovine-derived (explicit HMBF vs BMBF comparison),commenced at 100 mL/kg/d feeds,general VLBW (<1250g),"Uses BMBF = bovine milk-based fortifier, matching the brief's Section 4 reserved sense of BMF — flagged correctly"
D5-03,Rochow 2025 (target fortification ND),Germany (Nuremberg-affiliated / multicentre),hospital NICU + follow-up,tertiary,Double-blind RCT with 18-month follow-up,69 (assessed at 18 months),,preterm infants <30 weeks gestation,"Target (individualised) fortification (TFO), macronutrients analysed 3x/week",Standard fixed-dose fortification (SF),"weight gain, growth velocity, body composition at 36wk PMA; Bayley-III at 18 months CA","TFO significantly increased weight gain and growth velocity; Bayley-III scores numerically higher across cognitive/language/motor domains in TFO group, mostly not reaching statistical significance except expressive language in a subgroup","Weight gain 2514+/-289g (TFO) vs 2283+/-332g (SF), P<0.01; growth velocity 21.7+/-2.3 vs 19.2+/-2.2 g/kg/d, P<0.001",,,P<0.01 (weight); P<0.001 (growth velocity); most Bayley-III domain comparisons NOT significant,"Motor BSID-III score <=70 in 0 (TFO) vs 3 (SF) infants, P<0.05; expressive language significantly higher in TFO for infants whose mother's milk had high protein","double-blind RCT, mid-infrared milk analysis 3x/week, Bayley-III at 18mo",not specified,"small sample (n=69 at follow-up), multiple subgroup comparisons risk of chance findings","moderate (small N, multiple subgroup tests)","DIRECT, Tier (i) — fortification approach (targeted vs standard) was randomised with a formal Bayley-III endpoint",Low,"Small single/few-centre trial (n=69), most ND comparisons not statistically significant (authors themselves note this), risk of selective emphasis on significant subgroup findings",not reported in abstract,not reported in abstract,"Authors explicitly state 'most BSID-III differences were not statistically significant' — must not be over-sold as a positive ND trial; growth benefit is clear, ND benefit is not",No,40507033,10.3390/nu17111764,"Cross-referenced in Domain 8 (targeted/individualised fortification) — same trial, two relevant domains",5,targeted-adjustable (modular protein/carb/fat additions guided by milk analysis),"individualised, guided by 3x/week milk macronutrient analysis, for >=3 weeks",general preterm <30wk,Does not use BMF abbreviation
D5-04,Jensen 2021 (N-forte protocol),Sweden (24 units),multicentre NICU,tertiary,RCT protocol (published a priori),planned 222-322,N/A (protocol),extremely low gestational age (<28wk) infants exclusively fed human milk,Human milk-based fortifier (HMBF),Standard bovine-based fortifier (BMBF),Primary: composite NEC/sepsis/mortality. Planned follow-up: neurological development and growth at 2 and 5.5 years,"N/A — protocol paper, no results",,,,,Health economic analyses also planned,"ICH/GCP, ethics-approved multicentre protocol",N/A (protocol),,N/A,"N/A (protocol, not yet reporting long-term ND results)",N/A — no results yet to grade,Protocol only; the planned 2- and 5.5-year neurodevelopmental follow-up has NOT yet been published as of this search (2026-09-12),"ALF grant, Prolacta Bioscience, Swedish Research Council, Research Council for Southeast Sweden (per the linked results paper's funding statement)",Prolacta Bioscience funding is a potential conflict given HMBF is a Prolacta-type product — flag explicitly,"This is the brief's single most important 'what would change practice' identified trial for Domain 5 — its ND follow-up, if and when published, would be the first adequately-designed long-term ND readout for fortifier TYPE in extremely preterm infants",No,34815288,10.1136/bmjopen-2021-053400,"NCT03797157. Short-term composite results already published (see D3/D8 N-forte entry, Jensen 2024, PMID 38545091) — ND follow-up specifically still pending",5,human-milk-derived vs bovine-derived,"before 100 mL/kg/day feeds, continued to 34+0 weeks PMA",extremely preterm <28wk,Explicitly defines HMBF vs BMBF (bovine milk-based fortifier) — matches brief's Section 4 reserved BMF sense exactly
D5-05,"O'Connor 2016 (JAMA, donor milk vs formula)","Canada (Ontario, 4 sites)",NICU,tertiary,Pragmatic double-blind RCT,"363 randomised, 299 (92%) assessed",,"VLBW infants, donor milk or formula as supplement to mother's milk (background HMF use not specified as the randomised variable)",Donor human milk (as supplement to MOM),Preterm formula (as supplement to MOM),"Bayley-III cognitive composite score at 18 months corrected age (primary); language, motor composites; growth; mortality/morbidity index","No significant difference in cognitive, language or motor composite scores between donor-milk and formula supplementation groups","Cognitive: 92.9 vs 94.5, MD -2.0",-5.8,1.8,NS,No difference in mortality/morbidity index or growth z-scores,"Bayley-III at 18mo CA, double-blind RCT",not specified,8% loss to follow-up,low (well-conducted blinded RCT),"INDIRECT for the fortification question specifically — TIER (ii) per brief's taxonomy: this trial randomises donor-milk-vs-formula SUPPLEMENTATION, not fortification; any HMF exposure in either arm is a background co-intervention, not the randomised variable",Moderate (for its own donor-milk-vs-formula question); NOT applicable as fortification-specific evidence,"Well-conducted RCT for its actual question (donor milk vs formula), but indirect/non-applicable to fortification per se — included here explicitly as the brief's example of a Tier-ii paper to illustrate the directness distinction, not as fortification evidence",not reported in abstract,not reported in abstract,"Must not be miscited as fortification evidence in the eventual manuscript — its relevance is solely to the donor-milk-vs-formula-supplementation question, and it is flagged here specifically to demonstrate correct Tier-ii labelling",No,27825008,10.1001/jama.2016.16144,isrctn.org ISRCTN35317141. Named explicitly in the brief's Domain 5 description as the type of trial to Tier as 'reports ND without fortification being randomised',5,not the randomised variable (background HMF use likely present but not specified),N/A — not a fortification trial,general VLBW,N/A
D5-06,Ericson 2023,Sweden,"longitudinal cohort, community follow-up",tertiary (original) + community,Longitudinal cohort study,"142 (43 exclusive breast milk, 99 fortified breast milk and/or formula)",,"moderately preterm infants, 32-36 weeks gestational age",Fortified breast milk and/or formula during NICU stay (observational exposure),Exclusive breast milk (unfortified),"neurological, growth and health outcomes to 6 years of age (FTF questionnaire, growth records, health-care visit data)","No statistically significant differences in neurological outcomes, growth, or health at 6 years between exclusive vs fortified/formula-fed groups",not itemised numerically in abstract (null finding across measures),,,NS across measures,Authors explicitly call for larger studies given the modest sample size,"parent/medical-record questionnaires to 6 years, retrospective medical-record extraction of neonatal exposures",not specified (observational),"non-randomised exposure groups (fortification/formula use was clinically indicated, not randomly assigned) — confounding by indication likely (sicker/slower-growing infants more likely fortified)","high risk of bias (confounding by indication, small sample)","Direct population (moderately preterm) but Tier (ii)/(iii) — observational, non-randomised fortification exposure, and this is a MODERATELY preterm (32-36wk) population, less severe than the VLBW/extremely preterm focus of most other Domain 5 evidence",Very low,"Observational design with likely confounding by indication (fortification decisions track with clinical concern, not randomisation) plus small sample = serious risk of bias and imprecision",not reported in abstract,not reported in abstract,A reassuring null finding but cannot distinguish 'fortification is safe' from 'sicker babies who needed fortification caught up regardless' — confounding by indication is a first-order concern,No,37242201,10.3390/nu15102318,Different population (moderately preterm 32-36wk) from the VLBW/extremely-preterm focus of most other Domain 5 papers — flagged as a directness/population caveat,5,not specified (mixed fortified/formula),"not specified (observational, NICU-stay exposure)","none specified (moderately preterm, not VLBW-specific)",N/A
D6-01,Herranz Barbero 2020,Spain,hospital NICU laboratory analysis,tertiary,Laboratory/observational osmolality measurement study,not a patient-outcome study (milk-sample based),,human milk samples with fortifier added at varying concentrations,Fortifier addition to human milk (varying doses/products),Unfortified human milk / varying fortifier doses,measured osmolality of fortified vs unfortified human milk,Fortification increases milk osmolality in a dose-dependent manner (mechanistic/measurement study),not a clinical effect size — laboratory osmolality values,,,not applicable in the clinical-outcome sense,,direct osmometry of milk samples,N/A (not a clinical trial),,N/A,"MECHANISTIC ONLY — measures osmolality, does NOT measure clinical GI outcomes (constipation, NEC); must not be used to imply a validated clinical harm signal","N/A (mechanistic/laboratory study, not amenable to GRADE for an interventional clinical claim)",Laboratory measurement study; the brief specifically requires this NOT be conflated with a validated clinical-outcome link,not reported in abstract,not reported in abstract,"Per brief's explicit instruction: osmolality data (this paper) must be reported separately from and not assumed to prove a clinical constipation/NEC link — the AAP 450 mOsm/kg threshold is a consensus safety ceiling, not RCT-validated against hard outcomes",No,32479524,,"PLoS ONE 2020; DOI not captured from abstract-level metadata, PMID is the verified identifier",6,not specified/mixed (mechanism study),varying concentrations tested,none specified,N/A
D6-02,Choi 2016,South Korea,laboratory/modelling study,N/A,Osmolality prediction model development,N/A (milk-sample/model based),,human milk samples for targeted fortification modelling,Model predicting osmolality from fortification composition,N/A,predictive accuracy of osmolality model for targeted fortification,Develops a prediction model for osmolality under targeted/individualised fortification scenarios,model performance statistics (not a clinical effect size),,,N/A,,modelling/statistical development study,N/A,,N/A,"MECHANISTIC ONLY — model-development study, no clinical outcome data",N/A,Not an interventional clinical study; mechanistic/methodological contribution only,not reported in abstract,not reported in abstract,"Relevant to Domain 8's targeted-fortification discussion as a methodological tool, but contributes no clinical safety/efficacy data itself",No,26863130,,PLoS ONE 2016,6,targeted-adjustable (modelling context),N/A,none specified,N/A
D6-03,Chandran 2016,not specified in abstract-level metadata,laboratory/pharmacy analysis,tertiary NICU context,Osmolality measurement study of medications + fortified milk,N/A (sample-based),,fortified human milk with common NICU medications added,Co-administration of medications with fortified human milk,Fortified human milk alone,osmolality of fortified milk with vs without added medications,Medications commonly added to feeds further increase osmolality beyond fortification alone,"laboratory osmolality values, not a clinical effect size",,,N/A,,direct osmometry,N/A,,N/A,"MECHANISTIC ONLY — identifies an additional, often-overlooked contributor (medications) to total feed osmolality beyond fortifier alone; still no clinical-outcome data",N/A,"Laboratory measurement study, not a clinical-outcome trial",not reported in abstract,not reported in abstract,"Important practical/safety point (medications compound fortifier-driven osmolality) but, like the other osmolality papers, cannot be used to claim a validated clinical harm threshold",No,28030867,,Neonatology 2016,6,not specified,N/A,none specified,N/A
D6-04,Zhang 2022,"China (Southwest, Sichuan)",single tertiary NICU (West China Second University Hospital),tertiary,Retrospective cohort,298,,"preterm infants, HMF-fed vs non-HMF-fed",Human milk fortifier (various initiation practices),No HMF use,feeding intolerance (FI),"No significant overall association between HMF use per se and FI; but early HMF initiation, full-strength initiation, and fast supplementation rate were significant risk factors for FI",threshold effects: HMF concentration >24 mg/mL and supplementation rate >12.5 mg/mL/d significantly increased FI risk (exact thresholds from dose-response/generalized additive modelling),,,P=0.02 (early initiation); P=0.04 (full-strength initiation); P=0.004 (fast supplementation rate),"Authors recommend a specific southwest-China protocol (initiate at 100 mL/kg/day feeds, 1:50 concentration advancing to 1:25 over >38h) differing from some Western guidelines","multivariate analysis, generalized additive models and two-piecewise linear regression for threshold/dose-response effects",not specified (observational),"retrospective, single-centre, residual confounding by indication likely","high risk of bias (retrospective, single-centre, observational)","Direct (preterm, gestational age <32wk or birthweight <1500g) but a single-region observational cohort — population/practice-context generalisability to a UK NICU is uncertain",Very low,"Retrospective single-centre cohort, dose-response modelling from observational (non-randomised) exposure data — serious risk of confounding by indication",not reported in abstract,not reported in abstract,"Directly names dose/rate/timing thresholds for FI risk, more granular than most RCT evidence, but observational — a prospective trial testing these thresholds does not yet exist",No,36364872,10.3390/nu14214610,"Explicitly a dose-response/threshold cohort — useful for hypothesis generation on WHY rapid/early/full-strength fortification might drive intolerance, complementing the RCT-level 'no difference' findings from Thanigainathan/Basu/Shah",6,"not specified (HMF, presumed standard bovine powder given regional context)",varies; identifies concentration >24mg/mL and rate >12.5mg/mL/d as risk thresholds,general preterm,Does not use BMF abbreviation
D6-05,Kappel 2022 (FortiColos bowel habits),Denmark,multicentre NICU,tertiary,RCT (unblinded),242,,"very preterm infants, 26-31 weeks gestation",Bovine colostrum (BC) as fortifier,Conventional bovine-milk-based fortifier (CF),Amsterdam Stool Scale; bowel gas restlessness; stomach appearance score; gastric residual volume/frequency; laxative use/timing,"Stools hardened with increasing fortifier intake in BOTH groups (mechanistic confirmation that fortification itself affects stool consistency), but less so with BC; laxatives prescribed later with BC",not itemised as single effect size in abstract — multiple stool/bowel parameters compared,,,"P<0.01 (stool hardening with fortifier dose, both groups); P<0.05 (BC vs CF difference in hardening); P<0.01 (later laxative use with BC); P<0.01 (stomach appearance improvement, more so with BC)",,"unblinded RCT, standardised stool/bowel scoring tools recorded before each feed to 35wk PMA",not specified,unblinded design,"moderate (unblinded, but outcome measures partly objective)","Direct (very preterm) but compares fortifier PRODUCT (BC vs conventional bovine), not fortify-vs-no-fortify — directly demonstrates that fortification dose, not just presence/absence, drives stool hardening",Low,"Single unblinded RCT, product-comparison design (imprecision for the broader fortify-vs-not question), though internally consistent dose-response signal",not reported in abstract,not reported in abstract,"One of the few RCTs to capture constipation/stool-consistency as a NAMED, prospectively measured outcome rather than subsuming it under 'feeding intolerance' — directly relevant to the brief's instruction to check how constipation is captured",No,36432444,10.3390/nu14224756,"FortiColos Study; demonstrates stool hardening scales with fortifier DOSE regardless of product, addressing the brief's Domain-6 question about whether constipation is a real, measurable fortification-associated phenomenon",6,bovine colostrum vs conventional bovine powder/liquid,increasing intake to 35wk PMA,general very preterm,"N/A (neither arm is human-milk-derived; both are bovine-sourced products, distinguished by colostrum vs conventional processing)"
D7-01,"Young 2016 (Cochrane, post-discharge nutrient-enriched FORMULA)",multiple (Cochrane),"post-discharge, community + hospital",mixed,Cochrane systematic review (16 RCTs),1251,,preterm infants at/after hospital discharge,"Nutrient-enriched formula (postdischarge formula ~74kcal/100mL, or preterm formula ~80kcal/100mL)",Standard term formula (~67kcal/100mL),growth to 12-18 months post-term; neurodevelopmental indices at 18 months,"'Postdischarge formula' vs standard term formula: no consistent growth effect. 'Preterm formula' vs standard term formula: higher growth rates through infancy (weight ~500g, length 5-10mm, HC 5mm higher at 12-18mo)","Preterm-formula-vs-standard: ~500g weight, 5-10mm length, 5mm HC differences at 12-18mo (moderate-quality per Cochrane GRADE)",,,not itemised individually in abstract,Few trials assessed ND outcomes; no ND differences detected at 18 months in those that did,"Cochrane Neonatal standard methods, GRADE",Cochrane RoB,lack of allocation concealment and incomplete follow-up flagged as major bias sources,Moderate certainty overall (per Cochrane's own GRADE),"IMPORTANT SCOPE CAVEAT: this Cochrane review is about post-discharge FORMULA (a different intervention), NOT continuing human-milk-based HMF at home on breastfed infants — per brief Section 4/7 instruction, this must be kept clearly separate from the genuine 'continue HMF at home' literature",Moderate,Per Cochrane authors' own GRADE assessment; downgraded for allocation-concealment and follow-up completeness concerns,Cochrane Neonatal,none declared,"Frequently conflated in secondary sources with 'continuing HMF at home' — explicitly flagged here as a DIFFERENT intervention (formula-based, for formula-fed infants) per the brief's Section 7 instruction",No,27958643,10.1002/14651858.CD004696.pub5,"CD004696.pub5 (2016) — this is the 'nutrient-enriched formula' Cochrane line, distinct from the 'multinutrient fortification of human milk following discharge' line the brief also names; kept explicitly separate here",7,"N/A — nutrient-enriched FORMULA, not human-milk fortifier","N/A (formula product, not added fortifier)",general preterm,N/A — wrong intervention type for BMF/HMF terminology to apply
D7-02,Zachariassen 2011,Denmark,"multicentre, community follow-up",tertiary (original) + community,RCT,"320 total cohort; 207 breastfed randomised (102 unfortified, 105 fortified); 113 formula-fed (non-randomised comparison group)",,"very preterm infants, GA 24-32wk, birthweight 535-2255g","Fortified mother's milk, from shortly before discharge to 4 months corrected age","Unfortified mother's milk (randomised); separately, preterm formula (non-randomised comparison group C)",breastfeeding duration; weight/length/HC at 12 months corrected age,No significant difference in growth parameters between fortified and unfortified MOM groups at 12 months; breastfeeding duration not significantly affected by fortification,"not itemised as single pooled effect (multiple growth parameters compared, all NS between A vs B)",,,"NS (weight, length, HC, groups A vs B)",Formula-fed group (C) grew larger than both breastfed groups by 12 months (boys especially); higher protein intake correlated with higher serum urea nitrogen and growth,RCT (A vs B) with non-randomised comparison arm (C); follow-up to 12 months CA,not specified,comparison group C is non-randomised (confounded by feeding-method choice),low-moderate for the randomised A-vs-B comparison; high for the A/B-vs-C comparison (non-randomised),"Direct (very preterm, post-discharge fortification of MOM) — this IS a genuine 'continue HMF at home' RCT, distinct from D7-01's formula-based intervention",Low,"Single RCT, modest size for the randomised comparison (102 vs 105), no growth benefit detected — imprecision plus a possible underpowering to detect a modest effect",not reported in abstract,not reported in abstract,Null result for post-discharge HMF vs no HMF on growth — directly complements Klamer 2022's null IQ finding from what may be an overlapping or related trial tradition; both point the same direction (no clear post-discharge fortification benefit),No,21402642,10.1542/peds.2010-0723,"THE genuine 'continue fortified human milk at home' RCT the brief specifies, correctly distinguished from the Cochrane 'nutrient-enriched formula' line (D7-01)",7,"not specified (multinutrient HMF, presumably standard bovine-based, era-appropriate)",from shortly before discharge to 4 months corrected age,general very preterm,Does not use BMF abbreviation
D7-03,Marino 2018,UK,single tertiary surgical neonatal unit,tertiary/surgical,Quality improvement project (PDSA cycles) + retrospective audit,not stated as a fixed trial N (QI project across sequential cohorts; audit period July 2015-Sept 2017),,"exclusively breastfed preterm infants, birthweight <=1.8kg","Home use of breast milk fortifier (BMF, brief's colloquial 'BMF'=breast milk fortifier sense) post-discharge to 48 weeks GA","Historical baseline cohort (pre-QI, Oct2012-Nov2013)","change in SD score (cSDS) for weight/length/HC at discharge and to 1 year; safety, feasibility, parental acceptability",Improved growth trajectory (cSDS) at discharge and at 1 year following QI-driven introduction of home BMF; deemed safe and acceptable to parents,"cSDS at discharge: weight -0.7, HC 0.4, length -0.8; at 1 year: weight 0.9, length 0.8 (change from historical baseline)",,,"not itemised numerically in abstract (QI/audit design, not powered hypothesis testing)",Four PDSA cycles used to iteratively develop and refine an electronic patient information sheet,retrospective audit vs historical baseline; parent questionnaires for safety/acceptability,"N/A (QI methodology, not a trial)","before-after (historical control) design — high risk of secular-trend confounding, no concurrent control, single centre","high risk of bias (QI/before-after design, not randomised)","Direct population and intervention (genuine home BMF/HMF continuation) but WEAK STUDY DESIGN — before-after QI audit, not a controlled trial; effect size cannot be attributed to the intervention alone with confidence",Very low,Before-after QI project without concurrent control — serious risk of bias from secular trends and lack of randomisation; useful for feasibility/safety/acceptability but not for efficacy inference,not reported in abstract,not reported in abstract,"Uses 'BMF' explicitly in its own title as 'breast milk fortifier' (the brief's colloquial, NOT the bovine-milk-fortifier sense) — correctly flagged per the bmf_terminology_check column to avoid mis-extraction",No,30552093,10.1136/archdischild-2018-315951,UK QI project named explicitly in the brief; demonstrates feasibility/acceptability of home BMF but is not RCT-level efficacy evidence,7,"bovine powder (standard commercial HMF, used in the brief's colloquial 'BMF' sense)",post-discharge to 48 weeks gestational age,general preterm <=1.8kg,USES 'BMF' TO MEAN BREAST MILK FORTIFIER (brief's colloquial sense) — NOT bovine milk-based fortifier; flagged explicitly to prevent confusion with the Jensen/N-forte usage
D7-04,Lamport 2023,USA,single NICU + outpatient follow-up,tertiary,Retrospective cohort (historical comparison),"127 (92 HMF-continuation group, 35 historical formula-enrichment comparison group)",,"preterm infants <34 weeks gestation, exclusively expressed human milk (EHM)-fed, fortified with HMF 2 weeks before discharge",Continuing HMF fortification of EHM at home after discharge,Historical comparison: enriching/supplementing with post-discharge formula (2-3 feeds/day or formula-powder enrichment),rate of human-milk exclusivity after discharge; rate of any EHM feeding; growth (Fenton z-scores for weight/length/HC),HMF-continuation group had significantly higher human-milk exclusivity at both outpatient visits; growth did not differ significantly between strategies,"HM exclusivity: 83% vs 39% (first visit), 27% vs 6% (second visit)",,,significant for HM exclusivity/any-EHM-feeding rates; NS for growth (Fenton z-scores),,"retrospective chart review, historical comparison group",not specified (observational),historical (non-concurrent) comparison group; single centre; practice-change confounded with secular trend,"high risk of bias (retrospective, historical control)",Direct population/intervention — the brief's genuine 'continue HMF at home vs formula-based enrichment' comparison,Very low,"Retrospective, historical-control design; growth outcome null but breastfeeding-rate outcome favourable — single-centre generalisability uncertain",not reported in abstract,not reported in abstract,"Growth-neutral, breastfeeding-positive finding — an important nuance: the benefit of continuing HMF at home (vs formula enrichment) may be preserving human-milk feeding rates rather than accelerating growth per se",No,38072151,10.1016/j.tjnut.2023.12.003,"Explicitly the 'continue EHM fortification with HMF after NICU discharge, rather than formula enrichment' comparison the brief specifies, correctly separated from the Cochrane nutrient-enriched-FORMULA line (D7-01)",7,"bovine powder (commercial HMF, continued from in-hospital use)","continued from 2 weeks pre-discharge, home use post-discharge",general preterm <34wk,"Does not use BMF abbreviation; uses HMF throughout, matching brief's working convention"
D7-05,Teller 2016,multiple (evidence-mapping review),"post-discharge, community",mixed,"Evidence-mapping systematic review (31 studies, PICO-mapped, no meta-analysis)","varies by included study, not pooled",,"preterm infants post-discharge, heterogeneous populations across included studies",Nutrient fortification of breast milk OR nutrient/energy-rich formula post-discharge (both intervention types mapped),"Standard/unfortified feeding, heterogeneous across studies","growth and neurodevelopment, mapped for heterogeneity in design/outcome rather than pooled","Nutrient-enriched diets post-discharge show no negative effects and frequently improve growth at some point, particularly in boys; neurodevelopmental improvements RARELY seen","not pooled (evidence-mapping methodology, not meta-analysis)",,,not applicable (mapping review),Higher protein-to-energy ratios associated with increased lean-mass accretion and 1-year head circumference in the mapped literature,systematic PICO evidence-mapping across 31 studies,not a formal RoB synthesis (mapping methodology),marked heterogeneity in study design/intervention/outcome across the 31 mapped studies,not applicable/not graded (mapping review),"Mixed — deliberately spans BOTH the human-milk-fortification and the formula-enrichment post-discharge literatures, which the brief requires kept separate for anything beyond this overview-level mapping paper",N/A (evidence-mapping methodology does not produce a single pooled GRADE certainty),"Explicitly a mapping/heterogeneity-characterisation exercise, not a pooled effect-size synthesis",not reported in abstract,not reported in abstract,"Useful ONLY as a scoping/heterogeneity overview for Domain 7 — its 'improves growth, rarely improves ND' headline finding should not be misattributed as a HMF-specific pooled result, since it mixes formula and HMF interventions",No,26499034,10.1016/j.clnu.2015.08.006,"Cited explicitly in the brief's Domain 7 seed list; used here for context/heterogeneity framing only, not as a source of a specific effect size",7,mixed (both HMF and formula-based enrichment mapped together),heterogeneous across 31 mapped studies,general preterm,"N/A (mapping review, not fortifier-type-specific)"
D8-01,Seliga-Siwecka 2023,Poland,NICU (interrupted multicentre trial),tertiary,"RCT, STOPPED EARLY for safety/intolerance",39 randomised (of planned 220),5 cases of serious intolerance leading to trial interruption,preterm infants <=32 weeks gestation,Tailored/targeted fortification with modular protein/carbohydrate/lipid components,Standard fixed-dose HMF (Nutricia),velocity of weight gain during supplementation (primary); length; head circumference,TRIAL INTERRUPTED due to serious intolerance in 5 cases before reaching planned enrolment (220); no significant difference in weight-gain velocity in the truncated analysis,Weight gain velocity 27.01+/-10.19 g/d (tailored) vs 25.84+/-13.45 g/d (standard),,,"P=0.0776 (NS, but trial massively underpowered due to early stopping)",Length and head circumference not significantly different between groups,RCT stopped early per safety monitoring; NCT03775785,not specified,early stopping for harm = high risk of bias/imprecision by design (severely underpowered),high risk of bias (trial stopped after 18% of planned enrolment),Direct (preterm <=32wk),Very low,"Trial stopped early for safety — severe imprecision (39/220 planned) and the safety signal itself (5 serious intolerance events) is the headline finding, not the underpowered null efficacy comparison",not reported in abstract,not reported in abstract,"THE brief's flagged 'high-priority null/harm signal, not a footnote' — targeted/individualised fortification using MODULAR components was not feasible in routine NICU practice in this trial and caused serious intolerance; must be given full prominence, not buried",No,36771325,10.3390/nu15030619,Authors' own conclusion: 'feasibility of targeted fortification to be limited in neonatal intensive care unit practice' — a direct caution against uncritical adoption of modular targeted fortification,8,targeted-adjustable (modular protein/carbohydrate/lipid components),from 80 mL/kg/day enteral feeds,general preterm <=32wk,N/A
D8-02,Schanler 2018,USA (multicentre),NICU,tertiary,RCT,164,metabolic acidosis 27% (acidified) vs 5% (non-acidified),"preterm infants <=32 weeks gestation, birthweight 700-1500g",Acidified liquid human milk fortifier,Non-acidified liquid human milk fortifier,weight gain (primary); vomiting; gastric residuals; metabolic acidosis; abdominal distension; BUN,No significant difference in overall weight gain days 1-29; but non-acidified fortifier showed significantly GREATER early (day1-15) weight gain and dramatically less metabolic acidosis and poor feeding tolerance,"Weight gain d1-29: 16.4+/-0.4 (acidified) vs 16.9+/-0.4 g/kg/d (non-acidified, NS); d1-15: 15.2 vs 17.9 g/kg/d",,,"P=.001 (early weight gain); P=.018 (vomiting); P=.022 (gastric residuals); P<.001 (metabolic acidosis); P=.015 (abdominal distension, protocol-evaluable)","Acidified group received more protein (4.26 vs 4.11 g/kg/d, P=.0099) but had LOWER BUN (P=.010), suggesting altered protein handling/metabolic stress with the acidified product",prospective controlled parallel multicentre RCT; NCT02307760,not specified,"not blinded to product type in some assessments (implied, not stated explicitly)",moderate,"Direct (preterm, product-comparison)",Moderate,"Single but adequately-sized multicentre RCT (n=164) with a clear, consistent, dose-plausible safety signal (metabolic acidosis) — a well-defined harms finding, though not replicated by a second independent trial",not reported in abstract,not reported in abstract,"THE key acidified-vs-non-acidified safety signal named in the brief — metabolic acidosis and poorer early growth with the acidified product is a clear, clinically actionable harms finding that could be missed if search is framed only around 'dose' rather than product chemistry",No,30195561,10.1016/j.jpeds.2018.07.005,"Directly informs product-selection practice: avoid acidified liquid HMF where a non-acidified alternative exists, on current single-trial evidence",8,bovine liquid acidified vs bovine liquid non-acidified,from study day 1 (first day of fortification) for 29 days or discharge,general preterm <=32wk,N/A
D8-03,Lin 2020,Taiwan,single tertiary NICU,tertiary,Before-after quality-improvement cohort with 2-year follow-up,"73 (37 Period-I, 36 Period-II)",,extremely low birthweight (ELBW) preterm infants,"Concentrated preterm formula (CPF, Similac Special Care 30) used as a liquid HMF at initiation (100 mL/kg/day), stepping down to powdered HMF as tolerance improved",Historical Period-I cohort (powdered HMF from the outset),daily enteral milk intake; % fortification achieved; weight z-score at term-equivalent age; 24-month language and motor performance,"Period-II (CPF strategy) had higher enteral intake and higher % fortification in first 8 weeks, better weight z-score at term, and better 24-month language/motor scores",Weight z-score improvement P=0.04; language P=0.048; motor P=0.032 at 24 months,,,P=0.04 (weight); P=0.048 (language); P=0.032 (motor),,before-after QI cohort comparison with structured 24-month developmental follow-up,not specified,"before-after (historical control) design — secular-trend confounding, single centre, small numbers","high risk of bias (non-randomised, historical control, small n)","Direct population (ELBW) but Tier (iii)/weak-design evidence for the neurodevelopmental claim — QI cohort, not RCT",Very low,"Before-after design without randomisation or concurrent control; small numbers (n=36-37/group); 24-month ND findings are exploratory/hypothesis-generating, not confirmatory",not reported in abstract,not reported in abstract,"Positive ND signal here is from the weakest study design in the Domain 8 evidence set — must not be given equal weight to the RCT-level findings (e.g., Seliga-Siwecka's null/harm signal) in the same domain",No,32722642,10.3390/nu12082229,"Rescue/alternative strategy for feed-intolerant ELBW infants per the brief's framing — reported as a QI success story, appropriately downweighted for design",8,concentrated preterm formula (used as liquid fortifier) transitioning to powdered HMF,"CPF introduced at 100 mL/kg/day, stepped down through 3 defined stages to powdered HMF",extremely preterm/ELBW,N/A
D8-04,Moya 2012,USA (multicentre),NICU,tertiary,Multicentre third-party-blinded RCT,150,no difference in sepsis or NEC incidence between groups,"preterm infants birthweight <=1250g, fed expressed/donor breast milk","New ultraconcentrated liquid human milk fortifier (LHMF, ~20% more protein than control)",Control powdered human milk fortifier (HMF),"weight, length, head circumference; prealbumin, albumin, BUN, electrolytes, blood gases; sepsis; NEC; feeding tolerance",LHMF group had significantly higher achieved weight and linear growth rate than control powder HMF; no difference in feeding tolerance or days to full feeding volume; no difference in sepsis/NEC,"Achieved weight/linear growth rate significantly higher (P=.04 and P=.03 respectively, ITT); protocol-adherent subgroup P=.004/.003/.04/.01 for weight/length/HC/linear growth rate",,,"P=.04 (weight, ITT); P=.03 (linear growth, ITT); P<.05 (prealbumin, albumin, BUN higher with LHMF)",No difference in confirmed sepsis or NEC incidence between LHMF and control powder HMF groups,"multicentre, third-party-blinded prospective RCT",not specified,third-party blinding described (reduces some bias) but protocol-adherent subgroup analysis presented alongside ITT — some risk of selective emphasis,moderate,Direct (preterm <=1250g),Moderate,"Reasonably sized (n=150), blinded multicentre RCT with a consistent growth-benefit signal and reassuring safety data (no sepsis/NEC signal), though single trial",not reported in abstract,not reported in abstract,"Positive growth-and-safety result for concentrated liquid HMF specifically as a powder alternative (practical/logistical benefit: avoids powder-related contamination risk) — an earlier, higher-quality RCT than some other liquid-fortifier evidence in this domain",No,22987877,10.1542/peds.2011-3120,"Historically important early liquid-HMF RCT; growth benefit direction is CONSISTENT with, though independent of, the later Lin 2020 QI cohort's growth findings",8,bovine liquid concentrated vs bovine powder,"28-day intervention period, both arms from comparable enteral volumes",general preterm <=1250g,N/A
D8-05,Parat 2020,not specified in abstract-level metadata,NICU,tertiary,Interventional cohort study (non-randomised comparison implied),"36 (17 targeted, 19 standard)",,very low birth weight infants,Targeted protein-fortified human milk (weekly mid-infrared spectroscopy-guided protein addition to 4g/kg/day),Standard fortified human milk,protein intake; flank skinfold thickness (SFT); body composition (air-displacement plethysmography) in a post-hoc subgroup with >=30 intervention days,Targeted group received more protein and had larger flank SFT; post-hoc subgroup (>=30 days intervention) showed 3% higher fat-free mass with targeted fortification,3% higher fat-free mass (post-hoc subgroup),,,not itemised precisely in abstract beyond directional significance claims,,"weekly mid-infrared milk analysis, weekly anthropometry, air-displacement plethysmography at study end",not specified,"small sample (n=36), post-hoc subgroup analysis for the body-composition finding","high risk of bias (small, non-randomised comparison design implied, post-hoc subgroup)",Direct (VLBW) but weak/exploratory design,Very low,"Small sample, post-hoc subgroup analysis for its headline body-composition finding — serious imprecision and risk of selective reporting",not reported in abstract,not reported in abstract,Exploratory pilot-scale evidence for targeted fortification's effect on body composition specifically (distinct from simple weight-gain velocity) — hypothesis-generating only,No,32326177,10.3390/nu12041156,"Complements Rochow 2025 (D5-03/D8) on targeted fortification, with body-composition (not just weight) as the outcome of interest",8,targeted-adjustable (mid-infrared-spectroscopy-guided),weekly-adjusted to protein target of 4g/kg/day,general VLBW,N/A
D8-06,Rochow 2025 (freeze-dried donor milk fortifier),Germany (Nuremberg),single tertiary children's hospital,tertiary,Prospective non-interventional observational cohort with retrospectively matched comparison,"64 (32 exposed, 32 matched comparison)","0 NEC, 0 serious adverse events in either group",preterm infants >=30 weeks gestational age requiring MOM fortification,"Freeze-dried high-temperature-short-time-pasteurised DONOR MILK fortifier (a human-milk-derived product), 1.6-4.8g/100mL",Matched cohort receiving bovine protein-based fortifier,"feeding tolerance; safety parameters (glucose, triglycerides, urea); anthropometry at discharge","Excellent feeding tolerance across >3100 feedings in the donor-milk-fortifier group; no NEC, abdominal complications or serious adverse events in either group; anthropometric outcomes not significantly different between groups",not itemised as a single comparative effect size (descriptive safety cohort),,,not significant for anthropometric comparisons,"Authors note the product's protein-to-energy ratio may be suboptimal for infants <1500g, limiting applicability to the most preterm/smallest infants","prospective observational cohort, retrospectively matched comparison (birthweight +/-10%, GA +/-5 days, fortified feeding)","not specified (observational, matched but non-randomised)",non-randomised matched-cohort design; small sample (n=32/group); single centre,"high risk of bias (observational, matched but not randomised, small n)","Direct population (preterm >=30wk) but explicitly NOT the most preterm/smallest infants where fortification decisions are highest-stakes — population restricted to >=30 weeks and, per authors, may not suit <1500g infants",Very low,"Small non-randomised matched-cohort observational study; reassuring descriptive safety data only, no formal comparative hypothesis testing",not reported in abstract,not reported in abstract,"A human-milk-derived (donor-milk-based) fortifier alternative to bovine colostrum/powder options, but evidence base is preliminary and explicitly NOT yet applicable to VLBW/ELBW infants per the authors' own caveat",No,41097134,,"Distinct product from FortiColos bovine colostrum (D6-05) — both are alternatives to standard bovine powder HMF, from different source material (donor human milk vs bovine colostrum)",8,human-milk-derived (freeze-dried donor milk),1.6-4.8 g/100mL of mother's own milk,general preterm >=30wk (excludes ELBW by design),N/A
D8-07,Beggs 2025 (MaxiMoM InForM protocol),Canada (multicentre),NICU,tertiary,"RCT protocol (three-arm, pragmatic, double-blind)",planned 615,"N/A (protocol, not yet reported)","VLBW infants (<=1250g, or <30wk and <1500g), human-milk-fed",Target fortification (twice-weekly milk analysis-guided) OR BUN-adjustable fortification (weekly BUN-guided),Standard fixed-dose fortification,"Bayley-IV cognitive (primary), language, motor development at 18-24 months corrected age; growth, body composition, mortality, serious morbidity (secondary)","N/A — protocol only, trial ongoing/not yet reported",,,,,,"Bayley-IV at 18-24 months CA, air-displacement plethysmography at 4 months CA on a subset",N/A (protocol),,N/A,"N/A (protocol, no results to assess)",N/A — no results yet,"Protocol paper; this is precisely the adequately-powered (n=615), long-term-ND-endpoint RCT the field currently lacks for targeted/individualised fortification",not reported in abstract,not reported in abstract,"THE single most important identified 'what would change practice' trial for Domain 8 — if/when it reports, it will be the first adequately powered RCT with a hard 18-24-month cognitive endpoint comparing standard vs target vs BUN-adjustable fortification",No,41047263,10.1136/bmjopen-2025-105609,NCT05308134. Directly named in Section 6's 'what would change practice' framing — flag prominently in cross-cutting synthesis,8,targeted-adjustable (two variants: milk-analysis target vs BUN-adjustable) vs standard fixed-dose,from 100 mL/kg/day feeds to 36 weeks corrected gestational age,general VLBW,Does not use BMF abbreviation
D8-08,Ananthan 2020,multiple (systematic review),hospital NICU,tertiary,Systematic review and meta-analysis (6 RCTs),334 (NEC/mortality/sepsis outcomes); 241 (weight); varies by outcome,NEC events per pooled RR below,preterm infants,"Human milk-derived fortifier (HMF, i.e. human-milk-based)",Bovine milk-derived fortifier (BMF — brief's reserved bovine sense),NEC (>=stage II); surgical NEC; mortality; weight gain; length; head circumference; late-onset sepsis,Lower risk of NEC and surgical NEC with human-milk-derived fortifier; but LOWER weight gain vs bovine fortifier; no difference in mortality or late-onset sepsis; NEC benefit lost in sensitivity analysis excluding high-risk-of-bias studies,NEC RR 0.38; Surgical NEC RR 0.13; Weight MD -1.08 g/kg/d; Mortality RR 0.40; Sepsis RR 0.96,0.15 / 0.02 / -1.96 / 0.14 / 0.56,0.95 / 0.67 / -0.21 / 1.15 / 1.67,"P=0.04 (NEC); P=0.02 (surgical NEC); P=0.02 (weight, favouring bovine); P=0.09 (mortality, NS); P=0.90 (sepsis, NS)",No difference in length (MD -0.11cm/wk) or head circumference (MD -0.02cm/wk),"random-effects meta-analysis, GRADE",GRADE,,Low to very low (per authors' own GRADE),"Direct (preterm), directly addresses the 'bovine vs human-milk-derived fortifier' half of the brief's Section 4 conceptual split",Low to very low,Per authors' own GRADE assessment; NEC benefit specifically noted to lose significance after excluding high-risk-of-bias studies — a fragility flag,not reported in abstract,not reported in abstract,"Trade-off finding: possible NEC reduction with human-milk-derived fortifier comes with a WEIGHT-GAIN PENALTY vs bovine fortifier — a genuine clinical trade-off, not a one-directional 'human is better' story; NEC benefit itself is fragile to exclusion of biased trials",No,32277813,10.1093/advances/nmaa039,"This is squarely the brief's Section 4(b) question ('if fortifying, bovine-derived vs human-milk-derived') — correctly distinguished from the Section 4(a) 'whether/when to fortify at all' question",8,human-milk-derived vs bovine-derived (BMF in the brief's reserved sense),not harmonised across the 6 included trials,general preterm,Uses BMF to mean bovine milk-derived fortifier — matches brief's Section 4 reserved sense exactly
D8-09,Grace 2020,multiple (systematic review),hospital NICU,tertiary,Systematic review and meta-analysis (2 RCTs),334 (332 with primary outcome data),NEC events per pooled RR below,"preterm and/or VLBW infants, <34 weeks and/or <1500g",Human milk-based fortifier,Cow's/bovine milk-based fortifier,NEC (Bell stage >=II) (primary); late-onset sepsis,Human milk-based fortifier reduced NEC risk vs bovine-based fortifier; no clear effect on late-onset sepsis,NEC RR 0.47,0.22,0.98,statistically significant (CI excludes 1),No clear evidence of effect on any other outcome assessed,"systematic search to Nov 2019, 2 independent extractors, fixed/random-effects as appropriate",not specified,imprecision and lack of blinding in one of the 2 included trials,Low to very low (per authors' own assessment),Direct (preterm/VLBW),Low to very low,Only 2 trials pooled (334 infants); imprecision and lack of blinding in one trial per the authors' own quality assessment,not reported in abstract,not reported in abstract,"Only 2 trials underlie this NEC-reduction finding — same underlying evidence base largely overlaps with Ananthan 2020's larger 6-trial synthesis (D8-08); NEC point estimate direction is consistent across both reviews, a reassuring cross-check, though from substantially overlapping primary trials, not independent replication",No,32943531,10.1136/archdischild-2020-319406,Cross-check against Ananthan 2020 (D8-08) — consistent NEC-reduction direction from a 2-trial subset of essentially the same underlying RCTs,8,human milk-based vs bovine/cow's milk-based,not harmonised across included trials,general preterm/VLBW,Uses 'cow's milk-based fortifier' as the bovine comparator — conceptually equivalent to brief's reserved BMF sense though the abstract does not use the literal abbreviation
D8-10,Galis 2024,multiple (systematic review),hospital NICU,tertiary,Meta-analysis (4 RCTs),"681 (mortality/NEC); 663-671 (BPD/ROP, varies)",see effect sizes,"infants <=28 weeks gestation and/or birthweight <=1500g, exclusive human milk diet (MOM or DHM)",Human milk-derived fortifier (HMFs),"Bovine milk fortifier (BMFs — brief's reserved bovine sense, used explicitly in this paper's own terminology)",death; NEC (>=stage 2) (co-primary); BPD; sepsis; combined ROP,"Mortality significantly lower with human-milk-derived fortifier; NEC not significantly different; BPD higher (borderline, NS) with bovine fortifier","Mortality RR 0.50; NEC RR 0.48; BPD RR 0.83 (favouring HM-HMFs, i.e. bovine group had more BPD)",0.26 / 0.20 / 0.69,0.94 / 1.17 / 1.000,"P=0.03 (mortality, significant); P=0.11 (NEC, NS); P=0.05 (BPD, borderline NS)","No differences in sepsis (RR 0.97, P=0.96) or combined ROP (RR 0.64, P=0.28)",systematic search Jan2015-Aug2023 across 5 databases,not specified,only 4 trials pooled; authors explicitly caution against dismissing findings for small trial count,"the authors argue the mortality signal should not be dismissed for small N, but by GRADE convention imprecision from 4 trials remains a real downgrade","Direct (extremely preterm/ELBW, exclusive HM diet)",Low,"Only 4 trials (681 infants) pooled for the mortality signal — genuine imprecision despite a statistically significant point estimate; authors' own framing ('should not be refuted for this reason') is an interpretive stance, not a certainty upgrade, and this synthesis reports the GRADE-consistent downgrade rather than adopting the authors' framing uncritically",not reported in abstract,not reported in abstract,"A striking mortality-reduction signal (RR 0.50) for human-milk-derived fortifier that is NOT corroborated by the larger single trial in this space (N-forte/Jensen 2024, D3/D5, composite NEC/sepsis/death OR 1.05, NS) — this is exactly the kind of small-positive-vs-large-null discrepancy the brief's null-finding rule requires be surfaced prominently, not smoothed over",No,38542821,10.3390/nu16060910,IMPORTANT CROSS-CHECK: contrast this meta-analysis's positive mortality signal directly against N-forte's null composite result in the cross-cutting synthesis — both concern HMBF vs BMBF/bovine fortifier in similar populations,8,"human-milk-derived vs bovine (explicitly 'BMFs' in this paper's own abstract terminology, matching the brief's Section 4 reserved sense)",not harmonised across the 4 included trials,extremely preterm <=28wk / ELBW,Uses 'BMFs' explicitly to mean bovine milk fortifiers — matches brief's Section 4 reserved sense exactly; flagged and confirmed consistent
D8-11,O'Connor 2018 (HMBF vs BMBF trial),Canada (Ontario),multicentre NICU,tertiary,Blinded RCT,"232 eligible, 127 (54.7%) randomised (64 HMBF, 63 BMBF)",,"infants born weighing <1250g, exclusively human-milk-fed (MOM + donor milk)",Human milk-based fortifier (HMBF),Bovine milk-based fortifier (BMBF),feeding interruption (primary); dichotomous mortality/morbidity index; fecal calprotectin; growth z-scores,No statistically significant difference in feeding interruptions or the mortality/morbidity index between HMBF and BMBF,"Feeding interruption: 17/64 (HMBF) vs 20/61 (BMBF), risk difference -6.2%",-22.2,9.8,NS (CI crosses 0),"No difference in fecal calprotectin or growth z-scores; mortality/morbidity index 48.4% (HMBF) vs 49.2% (BMBF), P=0.76","blinded RCT, NCT02137473",not specified,only 54.7% of eligible infants randomised (selection into trial),"low-moderate (blinded, adequately conducted, but modest recruitment rate)",Direct (VLBW <1250g),Moderate,"Well-conducted blinded RCT but single trial, modest sample (n=127) for a null primary-outcome comparison — some imprecision",not reported in abstract,not reported in abstract,"An important NULL finding for HMBF vs BMBF on feeding tolerance and the composite morbidity/mortality index — this null result sits alongside the more positive NEC-specific findings from Ananthan/Grace/Galiș's pooled analyses (which partly include this same trial), illustrating how outcome choice (feeding interruption/composite vs NEC specifically) changes the apparent direction of evidence",No,29878061,10.1093/ajcn/nqy067,Parent trial of the D5-02 18-month ND follow-up (Hopperton 2019); this is one of the trials feeding into the Ananthan/Grace/Galiș meta-analyses above — not independent evidence from them,8,human-milk-derived vs bovine-derived (explicit HMBF vs BMBF),"commenced at 100 mL/kg/day feeds, advanced at 140 mL/kg/day",general VLBW <1250g,"Uses BMBF = bovine milk-based fortifier, matching brief's Section 4 reserved sense exactly"
D8-12,Chinnappan 2021,India,single tertiary NICU,tertiary,Open-label noninferiority RCT,"123 (60 PTF, 63 HMF)",NEC stage>=2: 0 (PTF) vs 5% (HMF),"preterm (<=34wk) VLBW neonates, >=75% EBM feeds, receiving >=100mL/kg/d",Preterm formula powder (PTF) as fortifier,Standard commercial human milk fortifier (HMF),"weight gain until discharge/40wk PMA (primary, noninferiority margin 2g/kg/d); NEC; feed intolerance; extrauterine growth restriction",PTF noninferior to HMF for weight gain; incidence of feed intolerance significantly LOWER with PTF,"Weight gain 15.7+/-3.9 (PTF) vs 16.3+/-4.0 g/kg/d (HMF), MD -0.5",-1.9,0.7,"noninferiority margin not crossed (met); feed intolerance incidence rate ratio 0.19, 95% CI 0.04-0.95","Fewer PTF infants required withholding fortification >=24h (5% vs 22%, RR 0.22, 95% CI 0.07-0.75); NEC and EUGR incidence comparable","open-label RCT, prespecified noninferiority design; CTRI/2017/11/010593",not specified,open-label (unblinded) design,"moderate (unblinded, but objective primary outcome measurement)","Direct (preterm/VLBW) but a resource-limited-setting-framed comparison (preterm FORMULA POWDER as a cost-effective fortifier alternative, not concentrated liquid formula as in Lin 2020)",Moderate,"Adequately designed noninferiority RCT with prespecified margin, but single trial and single (resource-limited) setting limits generalisability to well-resourced NICUs where cost is less of a driver",not reported in abstract,not reported in abstract,Positioned by its own authors as most relevant to 'resource-restricted settings' — a UK level-3 NICU relevance caveat should be explicit: cost-driven substitution of commercial HMF with preterm formula powder is less likely to be the binding constraint in a well-resourced UK unit,No,33970187,10.1001/jamapediatrics.2021.0678,"Distinguish from Lin 2020 (D8-03, concentrated LIQUID preterm formula as initiation-stage rescue strategy) — this trial uses preterm formula POWDER as a routine cost-driven HMF substitute, a different clinical scenario",8,preterm formula powder vs standard bovine powder HMF,both arms already at >=100mL/kg/day feeds at enrolment,general preterm/VLBW,N/A
D8-13,Ahnfeldt 2023 (FortiColos growth/biochemistry),Denmark (multicentre),NICU,tertiary,Open-label multicentre RCT,232,NEC 3/115 (BC) vs 5/117 (CF),"very preterm infants, 26-31 weeks gestation",Bovine colostrum (BC) as fortifier,Conventional bovine-milk-based fortifier (CF),growth (weight/length/HC delta Z-scores); NEC; late-onset sepsis; plasma amino acid levels,Similar growth between BC and CF groups (including in SGA subgroup); no significant difference in NEC or LOS; BC infants received more protein and showed moderately elevated plasma amino acid levels,"NEC: 3/115 vs 5/117, P=0.72 (unadjusted); LOS: 23/113 vs 14/116, P=0.08",,,"P=0.72 (NEC, NS); P=0.08 (LOS, NS, trend toward more LOS with BC)","BC infants received +10% more protein (P<0.05) with several elevated amino acids (+10-40%, P<0.05)",open-label multicentre pilot RCT,not specified,open-label (unblinded),moderate,Direct (very preterm),Low,"Single open-label pilot-scale RCT; the LOS trend (P=0.08) toward harm with bovine colostrum, though not significant, warrants caution and should not be dismissed as pure null",not reported in abstract,not reported in abstract,"Growth-neutral, safety-uncertain (LOS trend) result for a genuinely novel fortifier source (bovine colostrum) — authors themselves call for protein/micronutrient composition adjustments before wider use",No,37004355,10.1016/j.clnu.2023.03.008,Bovine colostrum is a THIRD fortifier-source category distinct from both 'standard bovine milk-based' and 'human-milk-derived' — worth naming explicitly as its own emerging category in synthesis,8,bovine colostrum vs conventional bovine powder/liquid,until 35 weeks postmenstrual age,general very preterm (includes SGA subgroup analysis),N/A (neither arm is human-milk-derived)
D8-14,Bell 2026 (individualised fortification SR/MA),multiple (systematic review),hospital NICU,tertiary,"Systematic review and meta-analysis (12 RCTs), Cochrane RoB-1, GRADE",575 total; outcome-specific N vary (106-454),see effect sizes,preterm infants (population criteria vary slightly by included trial),Individualised (targeted or adjustable) fortification,Standardised fixed-dose fortification,"mortality; NEC; neurodevelopment at 18 months; head circumference, weight, length gain; fat-free mass; fat mass","Individualised fortification likely increases growth (HC, weight, length, FFM) with moderate certainty; effect on mortality, NEC and neurodevelopment remains very uncertain",Mortality RR 0.20 (very uncertain); NEC RR 0.29 (very uncertain); HC MD 1.76 mm/wk; Weight MD 2.87 g/kg/d; Length MD 3.20 mm/wk; FFM MD 121.4g; Fat mass MD 68.9g,0.02 / 0.05 / 0.76 / 1.36 / 1.22 / 25.6 / 6.1,1.66 / 1.72 / 2.76 / 4.39 / 5.18 / 217.2 / 131.8,"P=0.14 (mortality, NS); P=0.17 (NEC, NS); P=0.0005 (HC); P<0.0002 (weight); P=0.002 (length); P=0.01 (FFM); P=0.03 (fat mass)",Neurodevelopment at 18 months explicitly flagged as 'remains very uncertain' by the review authors themselves,"4 databases + 3 trial registries, 2 independent reviewers, Cochrane RoB-1, GRADE",Cochrane RoB-1,varies by trial; overall driving moderate-to-very-low certainty depending on outcome,Moderate for growth outcomes; very low for mortality/NEC/neurodevelopment (per authors' own GRADE),Direct (preterm),"Moderate (growth outcomes); Very low (mortality, NEC, neurodevelopment)","Growth outcomes benefit from larger pooled Ns and consistency; mortality/NEC/ND outcomes downgraded for serious imprecision (small event counts, wide CIs crossing 1) per the review's own GRADE",not reported in abstract,not reported in abstract,THE most current (2026) pooled synthesis specifically for individualised-vs-standard fortification — its own authors' explicit conclusion is that growth improves but whether this translates to meaningful long-term functional/clinical benefit remains unproven; this is the single most important 'growth-is-not-outcome' caution to carry into the cross-cutting synthesis,No,42391159,10.1159/000553366,"Incorporates and updates the individual trials already extracted separately (Seliga-Siwecka D8-01, Rochow D5-03/D8, Parat D8-05) — treat as the current best pooled estimate for this specific question, cross-reference rather than double-count the underlying trials as independent evidence",8,targeted-adjustable vs standard fixed-dose (pooled across multiple individualisation methods),"varies by included trial (BUN-adjustable, milk-analysis-targeted, etc.)",general preterm,Does not use BMF abbreviation
