id,author_year,country,setting,level_of_care,design,n_patients,n_events,n_clinicians,population_detail,intervention,comparator,outcomes_measured,primary_result,effect_size,ci_lower,ci_upper,p_value,secondary_results,ascertainment_method,rob_tool,rob_domains,rob_overall,directness,grade_certainty,grade_reason,funding,conflicts,key_limitation,abstract_only,pmid,doi,notes,gestational_age_range,glucose_threshold_used,glucose_measurement_method,outcome_timepoint,dose_response_reported
C1,Cornblath 2000,USA/UK (multi-author consensus),n/a,n/a,narrative review / consensus statement,n/a,n/a,n/a,neonates generally (term and preterm),n/a (proposes operational thresholds for clinical action),n/a,operational threshold for intervention,not a primary study - proposes pragmatic thresholds because a single evidence-based numeric threshold could not be defined,n/a,,,,,not applicable (narrative/consensus),not applicable,,,not applicable,direct - foundational conceptual paper underpinning BAPM and most subsequent guidance,not applicable (guidance/consensus paper, not graded),n/a - non-interventional consensus statement,not extracted,not extracted,defines the screening/diagnostic threshold distinction central to this entire domain; UK co-author (Hawdon) links directly to BAPM's later Framework,N,10790476,10.1542/peds.105.5.1141,"foundational operational-threshold paper; abstract fetched and read in full this session",all gestations (general framing paper),no single numeric threshold endorsed - pragmatic ranges proposed,not applicable,not applicable,not applicable
C2,Koh 1988,UK,Newcastle upon Tyne,tertiary paediatric endocrine service,prospective physiological study,17 children (11 with BG <2.6 mmol/L analysed),11 with BG <2.6 mmol/L,,"children (including neonates) undergoing fasting/insulin testing or with spontaneous hypoglycaemia, ages infant to adolescent",n/a (observational - sensory evoked potentials measured against contemporaneous blood glucose),n/a,sensory (auditory/somatosensory) evoked potentials vs blood glucose concentration,abnormal evoked potentials in 10/11 children with BG <2.6 mmol/L (5/10 clinically asymptomatic); no change in 6 children who stayed >2.6 mmol/L,10/11 abnormal vs 0/6 abnormal,,,not reported (small physiological study),,continuous EEG/evoked potential monitoring,not applicable (physiological study),,,"low (small n, mixed paediatric ages, physiological not clinical outcome)",partially direct - includes neonates but mixed with older children; historic (1988) technology,not applicable (mechanistic/physiological study, not an intervention trial),n/a,not extracted,not extracted,"primary neurophysiological evidence underpinning the 2.6 mmol/L figure itself; co-author Aynsley-Green is also a Cornblath 2000 co-author - direct evidentiary lineage into BAPM",N,3202642,10.1136/adc.63.11.1353,"central evidence cited by clinicians arguing the 2.6 mmol/L floor must not be relaxed - i.e. supports the 'permissive hypoglycaemia' critique's concern, not the threshold itself being too high",mixed paediatric ages including neonates,2.6 mmol/L / 47 mg/dL (level below which evoked potentials became abnormal),laboratory (evoked potential correlation with blood glucose sampling),acute (within the hypoglycaemic episode),N
C3,Lucas 1988,UK,multicentre (UK),neonatal units,multicentre prospective cohort,661 preterm infants (433 with moderate hypoglycaemia),433 (104 on 3-30 separate days),,preterm infants (multicentre UK cohort),n/a (observational - no protocolised treatment threshold; between-centre variation in intervention decisions noted),n/a (variation in clinical decisions to intervene analysed as exposure),Bayley mental/motor development at 18 months corrected age; cerebral palsy/developmental delay,number of days of moderate hypoglycaemia strongly associated with reduced mental/motor scores,"-14 points (mental), -13 points (motor) for >=5 days hypoglycaemia; neurodevelopmental impairment OR 3.5",1.3 (impairment OR CI),9.4 (impairment OR CI),not reported per-comparison (multivariable adjusted),dose-response by number of days of hypoglycaemia,Bayley Scales of Infant Development,not applied (pre-ROBINS-I era cohort),,"moderate (large multicentre cohort but observational, treatment not randomised/protocolised, historic era)",indirect to Domain C's term population - PRETERM cohort (landmark for pre-BAPM conservative UK practice; term extrapolation implicit in how it shaped practice),Low,"risk of bias (observational, uncontrolled treatment variation between centres); indirectness (preterm cohort used to inform term practice norms)",Medical Research Council,not extracted,"historic (1988) cohort predating modern glucose monitoring/treatment protocols; population is preterm not term",N,2462455,10.1136/bmj.297.6659.1304,"single most historically influential paper behind pre-BAPM/pre-CHYLD conservative UK practice; central evidentiary basis for the 'permissive hypoglycaemia undertreats' side of the controversy",preterm (unspecified weeks - 1988 multicentre preterm cohort),2.6 mmol/L / 47 mg/dL (moderate hypoglycaemia definition),not specified (pre point-of-care-glucometer era, likely laboratory/ward reagent methods of the period),18 months corrected age,Y (days of hypoglycaemia)
C4,O'Brien 2023,New Zealand,Auckland tertiary maternity hospital,regional perinatal centre + systematic review,systematic review of guidelines (AGREE-II) + retrospective cohort application,101372 infants (cohort component); 18 guidelines appraised (2366 abstracts screened),26.3% eligible for screening,,">=35 weeks gestation, birth weight >=2000g, not admitted to NICU <1h after birth (cohort component); guideline documents (SR component)",application of highest-AGREE-II-scoring guideline's screening criteria to the cohort,15-year trend (2004 vs 2018),proportion of infants eligible for neonatal hypoglycaemia screening,26.3% of infants met screening criteria overall; no significant change in proportion over 15 years,adjusted OR 0.99 per year (change in proportion),0.93,1.03,not significant (implied by CI spanning 1),"marked variability in quality and screening-criteria consensus across the 18 guidelines appraised - no consensus on which infants should be screened",medical record review + AGREE-II guideline appraisal instrument,AGREE II (for guideline appraisal component),,"moderate (large single-centre retrospective cohort; guideline appraisal is subjective by design though structured)",direct - term/late-preterm New Zealand population; guideline appraisal is international in scope,not applicable (descriptive/methodological study, not an interventional claim),n/a,not extracted,not extracted,"documents the lack of consensus on which infants should be screened - directly relevant to BAPM's own risk-factor list as one of 18 appraised guidelines",N,37782488,10.1001/jamapediatrics.2023.3957,"~1 in 4 infants meet screening criteria under the best-appraised guideline, essentially unchanged over 15 years",>=35 weeks (cohort component); all gestations discussed across appraised guidelines,varies by guideline appraised - no single value,not specified (guideline-comparison study),not applicable,not applicable
C5,Weston 2016 (Cochrane treatment - original),New Zealand (review team) - trials from high-income countries,n/a,n/a,Cochrane systematic review and meta-analysis (original edition),312 infants (2 trials pooled),,,late preterm and at-risk term infants with confirmed neonatal hypoglycaemia,40% oral dextrose gel,placebo gel,major neurosensory disability at 2y; need for IV treatment; mother-infant separation; exclusive breastfeeding,no evidence of difference for neurosensory disability (very low certainty); reduced mother-infant separation and increased exclusive breastfeeding (moderate certainty),"RR 6.27 (neurosensory disability, very uncertain); RR 0.54 (separation); RR 1.10 (breastfeeding)","0.77 / 0.31 / 1.01","51.03 / 0.93 / 1.18",not reported,estimated glucose rise 0.4 mmol/L (95% CI -0.14 to 0.94) after gel; no adverse events reported,RCT data pooled (fixed-effect),Cochrane RoB tool,,low risk of bias (2 RCTs pooled),direct - late preterm/term at-risk infants (Sugar Babies trial is one of the 2 pooled studies),Low (neurosensory outcome) / Moderate (separation, breastfeeding),imprecision (very wide CI on neurosensory disability RR 0.77-51.03 - essentially uninformative),Cochrane Neonatal / NIHR,not extracted,only 2 trials pooled; neurosensory disability estimate is imprecise to the point of being uninformative,N,27142842,10.1002/14651858.CD011027.pub2,"ORIGINAL edition of the TREATMENT (not prophylaxis) Cochrane review - superseded by C6 below; concluded oral dextrose gel 'should be considered first-line treatment'",late preterm and term (>=35 weeks in the pooled trials),2.6 mmol/L / 47 mg/dL (confirmed hypoglycaemia in pooled trials),point-of-care blood glucose (trial-specific),2 years (neurosensory outcome, from Sugar Babies component),N
C6,Edwards 2022 (Cochrane treatment - current edition),New Zealand (review team) - trials from high-income countries,n/a,n/a,Cochrane systematic review and meta-analysis (update, pub3 - current edition as of this session),312 infants (2 trials pooled - same 2 trials as C5, updated follow-up data),,,late preterm and at-risk term infants with confirmed neonatal hypoglycaemia,40% oral dextrose gel,placebo gel,correction of hypoglycaemic events; major neurological disability >=2y; need for IV treatment; mother-infant separation; exclusive breastfeeding,probably increases correction of hypoglycaemia; may slightly reduce major neurological disability (uncertain); reduces separation; increases breastfeeding,"rate ratio 1.08 (correction); RR 0.46 (neurological disability, uncertain); RR 0.54 (separation); RR 1.10 (breastfeeding)","0.98 / 0.09 / 0.31 / 1.01","1.20 / 2.47 / 0.93 / 1.18",not reported,no adverse events reported in either pooled trial (low-certainty evidence for this finding),RCT data pooled (fixed-effect) + GRADE,Cochrane RoB tool,,"low risk of bias (1 study); unclear-to-high (1 abstract-only study)",direct - late preterm/term at-risk infants,Moderate (correction of hypoglycaemia, separation, breastfeeding) / Low (major neurological disability),imprecision (neurological-disability RR 95% CI 0.09-2.47 spans large benefit and large harm); one included study is abstract-only,Cochrane Neonatal / Health Research Council of New Zealand,not extracted,"only 2 trials (same pair as 2016 edition) with updated follow-up; one is abstract-only/unclear-high RoB; conclusion is 'probably an effective and safe first-line treatment' but long-term neurodevelopmental effect remains uncertain",N,35302645,10.1002/14651858.CD011027.pub3,"CURRENT (as of this session, search date Oct 2021) edition of the TREATMENT Cochrane review - this is the one answering the brief's specific question about dextrose gel for TREATMENT of confirmed hypoglycaemia, as distinct from prophylaxis (see C7/C8)",late preterm and term (>=35 weeks in pooled trials),2.6 mmol/L / 47 mg/dL,point-of-care blood glucose (trial-specific),>=2 years,N
C7,Edwards 2021 (Cochrane prophylaxis - pub3),New Zealand (review team) - trials from high-income countries,n/a,n/a,Cochrane systematic review and meta-analysis (prophylaxis review, pub3 edition),2548 infants (2 trials pooled),,,newborn infants at risk of hypoglycaemia (not yet diagnosed) - IDM/high or low birthweight/preterm <37 weeks,prophylactic oral 40% dextrose gel,placebo,incidence of hypoglycaemia before discharge; major neurological disability at 2y; treatment for hypoglycaemia; mother-infant separation,reduces risk of hypoglycaemia (high certainty); may reduce major neurological disability at 2y (moderate certainty in this edition),"RR 0.87 (hypoglycaemia incidence); RR 0.21 (neurological disability, 1 study 360 infants)",0.79 / 0.05,0.95 / 0.78,not reported,little/no difference in mother-infant separation or adverse events,RCT data pooled (fixed-effect) + GRADE,Cochrane RoB tool,,low risk of bias,direct - at-risk late preterm/term infants (hPOD-family trials),High (hypoglycaemia incidence) / Moderate (neurological disability in this edition),"none major stated for incidence outcome; moderate certainty for disability outcome, single study 360 infants",Cochrane Neonatal,not extracted,neurological-disability finding here (RR 0.21 favouring gel) was NOT replicated in the pub4 update (C8) once more follow-up data accrued - direction reversed,N,33998668,10.1002/14651858.CD012152.pub3,"PROPHYLAXIS review (distinct Cochrane title/ID CD012152 from the TREATMENT review CD011027) - kept explicitly separate per brief instruction; superseded by C8",at-risk late preterm and term infants (some <37 weeks preterm),not yet hypoglycaemic at enrolment - prophylaxis given at ~1h of age,point-of-care blood glucose,2 years (neurological disability outcome, 1 of 2 pooled studies),N
C8,Roberts 2023 (Cochrane prophylaxis - current edition),New Zealand (review team) - trials from high-income countries,n/a,n/a,Cochrane systematic review and meta-analysis (prophylaxis review, pub4 - current edition as of this session),2548 infants (2 trials, same pair as C7 with more follow-up),,,newborn infants at risk of hypoglycaemia (not yet diagnosed),prophylactic oral 40% dextrose gel,placebo,incidence of hypoglycaemia before discharge; major neurological disability at 2y; treatment need; mother-infant separation; 6-7y follow-up (1 study),reduces hypoglycaemia incidence (high certainty); little/no difference in neurological disability at 2y (this update - reversed direction from pub3),"RR 0.87 (hypoglycaemia incidence); RR 1.00 (neurological disability, updated, 1554 children)",0.79 / 0.59,0.95 / 1.68,not reported,evidence at 6-7 years limited to a single small study; authors explicitly recommend prophylactic gel NOT be incorporated into routine practice pending more information,RCT data pooled (fixed-effect) + GRADE,Cochrane RoB tool,,low risk of bias in 13/14 domains,direct - at-risk late preterm/term infants (hPOD-family trials, matches Domain E's Edwards 2022 JAMA hPOD entry),High (hypoglycaemia incidence) / Low (neurological disability - now CI spans benefit and harm),imprecision (neurological disability CI 0.59-1.68 spans no-effect and substantial harm); reversal from prior edition (C7) reflects newer follow-up data superseding an earlier, more favourable but less mature estimate,Cochrane Neonatal,not extracted,"authors' own conclusion: 'should not be incorporated into routine practice until additional information is available about the balance of risks and harms' - an explicitly cautious, non-adopting conclusion for PROPHYLAXIS specifically (contrast with the more favourable TREATMENT review conclusion in C6)",N,38014716,10.1002/14651858.CD012152.pub4,"CURRENT (search date April 2023) edition of the PROPHYLAXIS review; directly cross-references Domain E's hPOD entries (Edwards 2022 JAMA PMID 35315885) as the same underlying trial data",at-risk late preterm and term infants,not yet hypoglycaemic at enrolment,point-of-care blood glucose,2 years primary; 6-7 years (1 study only),N
C9,Roberts 2024 (IV dextrose systematic review),New Zealand (review team),n/a,n/a,systematic review (non-Cochrane; meta-analysis not performed - insufficient data),711 participants across 6 studies (2 RCT + 4 cohort),,,neonates receiving IV dextrose for hypoglycaemia not responding to feeding/gel,IV dextrose infusion,oral sucrose bolus (1 RCT) / historical or concurrent comparators (cohort studies),neurodevelopmental impairment >=18mo; repeated hypoglycaemia; hyperglycaemic episodes,IV dextrose may not be associated with neurodevelopmental impairment (very low certainty); may reduce repeated hypoglycaemia but may increase hyperglycaemia risk vs sucrose,"RR 0.67 (repeated hypoglycaemia vs sucrose, 80 infants); RR 2.33 (hyperglycaemia risk vs sucrose, 80 infants)",0.20 / 0.65,2.18 / 8.39,0.5 / 0.19,no pooled effect numbers reported for the neurodevelopmental-impairment cohort finding (p>0.2 only),mixed RCT + cohort synthesis,Cochrane RoB2 / ROBINS-I,,"very low to low across all outcomes (small samples, mixed designs)",direct - the escalation-to-IV-dextrose step of the BAPM pathway specifically,Very low,"imprecision (n=80 or n=60 per comparison); risk of bias (cohort designs for most included studies); this is the LEAST evidence-based single step in the entire BAPM pathway per this review's own findings",not extracted,not extracted,"only 6 studies total for a treatment step (IV dextrose) used routinely worldwide for decades - a striking evidence gap, reported here with equal prominence to the better-evidenced gel/feeding steps",N,39536722,10.1159/000541471,"the escalation-to-IV-dextrose element of the BAPM pathway has markedly WEAKER trial evidence than the gel/feeding elements - central finding for the evidence-strength grading in the synthesis",not specified precisely (neonates generally, IV dextrose recipients),not specified as a single value (recipients already diagnosed hypoglycaemic by varying local thresholds),point-of-care and laboratory (mixed across included studies),>=18 months (1 cohort study only),N
C10,Nezafat Maldonado 2026 (NNRD),England and Wales,National Neonatal Research Database (all NHS neonatal units),population-level (all levels of neonatal care),retrospective population-based before/after cohort study,25406 term admissions primarily for hypoglycaemia (2012-2020 study period),25406,,term infants admitted to NNU primarily for hypoglycaemia in England and Wales,BAPM Framework publication (April 2017) treated as a natural policy intervention,"pre-Framework epoch (36 months before April 2017) vs post-Framework epoch (36 months after)",term NNU admission rate for hypoglycaemia per 1000 term live births; time to admission; length of stay; presence of BAPM risk factors,admission rate fell from 4.9 to 3.3/1000 term live births; no change in time-to-admission or length of stay,4.9 to 3.3 per 1000 term live births,4.8 (pre epoch CI lower),5.1 (pre epoch CI upper),not reported as single p-value (CI-based inference),"46.5% of admitted infants had >=1 BAPM risk factor (53.5% did not); of those without BAPM risk factors, 44% had birth weight >90th or between 2nd-9.9th centile - proposed as additional risk-stratification factors for future guidance",national administrative/clinical database (NNRD) - validated data source,not applicable (population database study, not an intervention trial with individual-level RoB tool),,"moderate (large population dataset; before/after design cannot exclude secular trends as an alternative explanation for the admission-rate fall)",direct - real-world UK term population, the actual population the BAPM Framework targets,Moderate,"risk of bias (before/after design without a contemporaneous control, secular trend cannot be fully excluded); this is the key real-world 'what the guidance achieves in practice' evidence for the BAPM Framework",NIHR (implied via Imperial/Kings College author affiliations - not extracted precisely),not extracted,before/after design; does not establish causation definitively though timing and specificity to term/hypoglycaemia admissions support the Framework as the likely driver,N,41338963,10.1136/archdischild-2025-328872,"most important quantitative real-world evidence for the BAPM Framework's practical effect - a governance-relevant finding distinct from any RCT; also directly relevant to Domain A per RESEARCH-BRIEF.md - see domain-A files for its primary treatment there",term (>=37 weeks),BAPM Framework thresholds (not a single value - full pathway),mixed (national administrative coding of admission reason),discharge / admission episode level (not long-term neurodevelopmental follow-up),not applicable (health-services/administrative outcome study)
C11,Alsweiler 2022 (screening principles),New Zealand,n/a,n/a,narrative review,n/a,n/a,,at-risk late preterm/term infants (screening population generally),n/a (conceptual/methodological review of screening practice),n/a,application of Wilson-Jungner-style screening test principles to neonatal hypoglycaemia screening,screening for neonatal hypoglycaemia does not meet several classic screening-test principles - no RCT has compared long-term outcomes of screened vs unscreened at-risk infants; treating hypoglycaemia to >=2.6 mmol/L appears to preserve cognitive function vs untreated comparison groups (citing CHYLD),not a single pooled effect size (narrative synthesis),,,,over a quarter of all infants meet at-risk screening criteria (consistent with O'Brien 2023's 26.3%),not applicable (conceptual review),not applicable,,,not applicable,direct - conceptual framing paper for the exact population BAPM targets,not applicable (methodological/conceptual paper, not a single graded interventional claim),n/a,not extracted,not extracted,"explicitly states the central conceptual problem underlying the whole permissive-hypoglycaemia debate: neuroglycopenia (the true target condition) has no direct diagnostic test, so blood glucose screening is a proxy-based compromise by design",N,36568425,10.3389/fped.2022.1048897,"used to represent the modern, nuanced middle position in the controversy - screening is imperfect by construction, not because BAPM 'got the number wrong'",late preterm/term at-risk infants,2.6 mmol/L / 47 mg/dL (as the treatment target discussed),point-of-care and continuous interstitial (discussed generally),not applicable (conceptual review, not a single-cohort outcome study),not applicable
C12,Levene & Wilkinson 2018,UK,n/a (educational/summary article for Arch Dis Child Educ Pract Ed),n/a,educational summary article,n/a,n/a,,term infants (summary of BAPM Framework for a paediatric trainee/education audience),n/a (summarises the BAPM Framework, does not present new data),n/a,n/a (educational summary - no outcomes measured),summarises BAPM 2017 Framework content for paediatric education audience,not applicable,,,,not applicable,not applicable,not applicable,,,not applicable,not applicable (educational/summary article, not a primary study),not applicable (no new interventional claim - pure summary),n/a,not extracted,not extracted,no abstract available via PubMed MCP; used only to confirm the Framework's PubMed footprint,Y,29903743,10.1136/archdischild-2017-314050,"NOT a critical commentary on the BAPM Framework - a supportive/descriptive summary for trainee education; distinguish clearly from the unverified 'cause for concern' commentary (see could-not-verify-domain-C.md), which this is NOT the same document as",term infants,as per BAPM Framework (summarised, not restated with new analysis),not applicable,not applicable,not applicable
C13,McKinlay 2015 (cross-ref, see domain-E.csv E1),New Zealand,Waikato Hospital Hamilton,regional perinatal centre,prospective cohort (CHYLD),404/528 eligible,216 (53%) hypoglycaemic,,>=35 weeks at risk of hypoglycaemia,hypoglycaemia treated to >=2.6 mmol/L,no hypoglycaemia,neurosensory impairment; processing difficulty at 2y,no association (null),RR 0.95 (neurosensory),0.75,1.20,0.67,see domain-E.csv E1 for full extraction,as domain-E E1,as domain-E E1,,as domain-E E1,direct - late preterm/term at-risk population; central evidence that BAPM's 2.6 mmol/L treatment threshold does not produce excess global neurosensory harm,Moderate,as domain-E E1 (imprecision; no untreated comparator possible),as domain-E E1,as domain-E E1,as domain-E E1,N,26465984,10.1056/NEJMoa1504909,"see domain-E.csv for full extraction - cross-referenced here as the central RCT-grade evidence for the BAPM/CHYLD-derived TREATMENT THRESHOLD element of the pathway specifically",>=35 weeks,2.6 mmol/L / 47 mg/dL,mixed (intermittent blood glucose + masked continuous interstitial),2 years,N (at this timepoint)
C14,Harris 2015 (cross-ref, see domain-E.csv),New Zealand,Waikato Hospital Hamilton,regional perinatal centre,RCT follow-up (Sugar Babies),184/237 randomised,,,>=35 weeks with confirmed hypoglycaemia <2.6 mmol/L,40% dextrose gel,placebo gel,neurosensory impairment; processing difficulty at 2y,no significant difference,RR 1.11 (neurosensory impairment),0.75,1.63,not significant,see domain-E.csv for full extraction; 36% overall impairment rate in both arms combined - high baseline risk in this at-risk population regardless of gel allocation,as domain-E,as domain-E,,as domain-E,direct - RCT-grade evidence for the DEXTROSE GEL TREATMENT element of the BAPM pathway specifically,Moderate,as domain-E (imprecision; secondary outcome not powered as primary),as domain-E,as domain-E,as domain-E,N,26613985,10.1016/j.jpeds.2015.10.066,"see domain-E.csv for full extraction - cross-referenced here as the RCT underpinning the dextrose-gel-as-first-line-treatment element (this is the SAME trial underlying the Cochrane treatment review C5/C6 above)",>=35 weeks,2.6 mmol/L / 47 mg/dL,point-of-care,2 years,N
